Workbook

Sheet Cadastro Geral Campistas
A1: FICHA | B1: NOME | C1: TAMANHO DA CAMISETA | D1: SEXO | E1: PESO | F1: ALTURA | G1: IDADE | H1: CELULAR | I1: CIDADE | J1: CONFLITOS / CONHECIDOS | K1: NOMES CONTATOS I | L1: TELEFONE CONTATO I | M1: NOMES CONTATOS II | N1: TELEFONE CONTATO II | O1: ALERGIAS | P1: DATA DE NASCIMENTO | Q1: TRIBO | R1: PARCEIRO FC
A2: 1 | B2: Adejar Nunes Guimarães | C2: G | D2: M | E2: 73 | F2: 1.66 | G2: 74 | H2: +55 (64) 98408-2025 | I2: Caçu | J2: Sim. Eliete Fátima (esposa), Catarina Elzi (conhecida) | K2: Geovana Guimarães | L2: 62982185298 | M2: Thaís Guimarães | N2: 62982185297 | O2: Não que eu saiba | P2: 1952-04-03 | Q2: Benjamim
A3: 2 | B3: Affonso Moreira Cardoso | C3: M | D3: M | E3: 75 | F3: 1.65 | G3: 39 | H3: +55 (62) 98279-1421 | I3: Goiania | J3: Não | K3: Raquel irmã | L3: +55 62 8270-9532 | M3: Mônica mãe | N3: 0 62 8114-5127 | O3: Não | P3: 1986-12-26 | Q3: Rubem
A4: 3 | B4: Aires Silva | C4: G | D4: M | E4: 82 | F4: 1.75 | G4: 62 | H4: +55 (62) 99159-4335 | I4: Goiânia | J4: Sim. Maria Ivone (esposa) | K4: Ana Paula | L4: (11) 93321-1010 | M4: Ana Gabriela | N4: (62) 992747297 | O4: Frutos do mar | P4: 1964-02-01 | Q4: Levi | R4: 100
A5: 4 | B5: Amanda Werneck | C5: G | D5: F | E5: 69 | F5: 1.7 | G5: 45 | H5: +55 (62) 99804-9912 | I5: Goiânia | J5: Não. | K5: Luiz Botosso | L5: 62996037374 | M5: Luiza Werneck | N5: 6299808079 | O5: Insetos | P5: 1980-07-23 | Q5: Simeão
A6: 5 | B6: Amarildo Ferreira | C6: G | D6: M | E6: 85 | F6: 1.72 | G6: 36 | H6: +55 (61) 99571-6653 | I6: Goiânia | J6: Alexandre | K6: Ubiratan | L6: 62981576273 | M6: Amanda | N6: 6181708411 | O6: não | P6: 1989-05-25 | Q6: Judá
A7: 6 | B7: Ana Gabriela Borges Teixeira | C7: P | D7: F | E7: 60 | F7: 1.68 | G7: 26 | H7: +55 (91) 98207-7079 | I7: Goiânia | J7: Não | K7: Stella Borges | L7: 62 98182-3358 | M7: Monique Borges | N7: 62 98244-1695 | O7: Não | P7: 1999-11-14 | Q7: Simeão
A8: 7 | B8: Ana Gabriela Franco Ribeiro Aguiar | C8: P | D8: F | E8: 59 | F8: 1.55 | G8: 44 | H8: +55 (62) 98626-6626 | I8: Goiânia | J8: Não | K8: Gisele | L8: 62 98114-5347 | M8: Bruno | N8: 62 98466-6695 | O8: Sim, abelhas | P8: 1981-07-17 | Q8: EFRAIM | R8: 16
A9: 8 | B9: Ana Luiza Gonçalves Bueno | C9: G | D9: F | E9: 70 | F9: 1.64 | G9: 53 | H9: +55 (01) 56298-1816 | I9: Goiana | J9: Fabiano Pereira | K9: Fernanda | L9: (061) 99270-5252 | M9: Luciano | N9: (061) 98431-9558 | O9: Não | P9: 1973-01-21 | Q9: Judá | R9: 40
A10: 9 | B10: Ana Luiza Vaz Carvalho | C10: M | D10: F | E10: 59 | F10: 1.63 | G10: 27 | H10: +55 (62) 99321-9967 | I10: Goiânia | J10: Julia Jayme. Foi da minha turma de faculdade. | K10: Marlene de Oliveira Vaz Carvalho | L10: 62981549705 | M10: Elivar Antonio de Carvalho | N10: 62981654656 | O10: Não | P10: 1998-05-19 | Q10: Zabulom
A11: 10 | B11: Anna Clara Silva Guimarães | C11: P | D11: F | E11: 50 | F11: 1.5 | G11: 22 | H11: +55 (62) 99325-0970 | I11: Goiânia | J11: Luara Couto | K11: Marcos Augusto | L11: 62984467506 | M11: Camila | N11: 62993889308 | O11: Não | P11: 2003-05-15 | Q11: Judá
A12: 11 | B12: Antônio Francisco de Oliveira | C12: G | D12: M | E12: 86 | F12: 1.78 | G12: 52 | H12: +55 (62) 98561-2097 | I12: Goiânia | J12: Não | K12: Marciella - minha esposa (62) 98424-2802 | L12: (62) 98424-2802 | M12: Gustavo Henrique - Meu filho (62) 99685-0807 | N12: (62) 99685-0807 | O12: Não | P12: 1973-09-18 | Q12: Judá
A13: 12 | B13: Ariane Dias da Luz | C13: M | D13: F | E13: 72 | F13: 1.65 | G13: 30 | H13: +55 (62) 98237-5037 | I13: Aparecida de Goiania | J13: Sim Marcos Felipe | K13: Ciane | L13: 62 982353865 | M13: Tuana | N13: 62 9 98080605 | O13: Nao | P13: 1995-11-19 | Q13: Zabulom | R13: 92
A14: 13 | B14: Augustinho Severino da Cruz | C14: G | D14: M | E14: 84 | F14: 1.8 | G14: 60 | H14: +55 (63) 92844-486 | I14: Paranã | J14: sim | K14: Vinicius Roberto Da Cruz | L14: 64996480435 | M14: Eneida Alexo Silva Cruz | N14: +55 63 8490-7234 | O14: não | P14: 1965-08-30 | Q14: Zabulom
A15: 14 | B15: Bruna Amaral Martins | C15: P | D15: F | E15: 60 | F15: 1.64 | G15: 26 | H15: +55 (62) 99908-1082 | I15: Goiânia | J15: Eliane Martins Nunes (mãe) | K15: Eliane | L15: 62999711082 | M15: Sérgio | N15: 6296968688 | O15: Não | P15: 2000-03-22 | Q15: EFRAIM
A16: 15 | B16: Bruna Tayssa Rockenbach Padilha | C16: G | D16: F | E16: 80 | F16: 1.75 | G16: 33 | H16: +55 (66) 98446-8785 | I16: Canarana | J16: Sim meu esposo, Raul. | K16: Camila Padilha | L16: 66.9.96215646 | M16: Franciele Passold | N16: 66.9.92076690 | O16: Não | P16: 1992-07-15 | Q16: Judá
A17: 16 | B17: Bruno Aguiar | C17: G | D17: M | E17: 85 | F17: 1.86 | G17: 43 | H17: +55 (62) 98466-6696 | I17: Goiânia | J17: Não | K17: Bernard | L17: 62 99857-6666 | M17: Beatriz | N17: 62 99614-7908 | O17: Não | P17: 1982-06-19 | Q17: Benjamim | R17: 7
A18: 17 | B18: Caio Rabelo da Silva Furtado | C18: M | D18: M | E18: 64 | F18: 1.84 | G18: 22 | H18: +55 (62) 99524-6943 | I18: Aparecida de Goiânia | J18: Não | K18: Flávia (mãe) | L18: 62 992234808 | M18: Ronaldo (Pai) | N18: 62 992420035 | O18: Não | P18: 2004-02-10 | Q18: Judá
A19: 18 | B19: Carla Rodrigues Ferreira | C19: P | D19: F | E19: 60 | F19: 1.65 | G19: 46 | H19: +55 (62) 98325-7488 | I19: Goiânia | J19: Não | K19: Carolline Rodrigues | L19: (62) 98145 1313 | M19: Camila Rodrigues | N19: (62) 98452 5353 | O19: Não | P19: 1979-08-06 | Q19: Gad
A20: 19 | B20: Carlos Bruno Rodrigues | C20: GG | D20: M | E20: 89 | F20: 1.78 | G20: 49 | H20: +55 (62) 99639-1240 | I20: Goiânia | J20: esposa Karla Regina da Silva Rodrigues | K20: Giovanna | L20: 62999518515 | M20: Gabriella | N20: 62992448557 | O20: não | P20: 1976-05-27 | Q20: Simeão | R20: 71
A21: 20 | B21: Carlos euripedes Tavares | C21: M | D21: M | E21: 70 | F21: 1.6 | G21: 71 | H21: +55 (62) 99844-3069 | I21: Goiânia | J21: Não | K21: Leandro | L21: 62-999756864 | M21: Juliana 999756678 | N21: 62-999756678 | O21: Não | P21: 1954-09-10 | Q21: Benjamim
A22: 21 | B22: Carlos Henrique de Souza Dourado | C22: GG | D22: M | E22: 100 | F22: 1.79 | G22: 32 | H22: +55 (62) 99461-5119 | I22: Goianira | J22: Não | K22: Carlos Cesar de Souza Dourado | L22: 62985200025 | M22: Julio Wanderson | N22: 62996329737 | O22: Não | P22: 1994-02-24 | Q22: Levi | R22: 105
A23: 22 | B23: Cassiano Resende | C23: GG | D23: M | E23: 89 | F23: 1.75 | G23: 36 | H23: +55 (62) 98500-0392 | I23: Mairipotaba | J23: Fabricio Michel | K23: Fabricio Michel | L23: 62985000392 | M23: Renilda Pereira | N23: +32 476 59 39 22 | O23: Não | P23: 1989-07-22 | Q23: Rubem
A24: 23 | B24: Catarina Elzi de Oliveira | C24: G | D24: F | E24: 70 | F24: 1.56 | G24: 72 | H24: +55 (34) 99902-0453 | I24: Jussara | J24: Sim. Eliete e Adejar. | K24: Geovana Guimarães de Oliveira | L24: 62982185298 | M24: Thaís Guimarães de Oliveira | N24: 62982185297 | O24: Que saiba não | P24: 1953-10-04 | Q24: Issacar
A25: 24 | B25: Celma Maria de Queiroz Silva | C25: M | D25: F | E25: 70 | F25: 1.67 | G25: 66 | H25: +55 (62) 98208-2395 | I25: Goiânia | J25: Não | K25: Rodrigo Queiroz | L25: 62 9 9614-2740 | M25: Jonas Manoel | N25: 62 9 8328-5140 | O25: Alergia a Sulfa e Penicilina | P25: 1959-08-24 | Q25: Rubem
A26: 25 | B26: Charles Juliano Visconti | C26: GG | D26: M | E26: 86 | F26: 1.78 | G26: 49 | H26: +55 (66) 99911-3161 | I26: Canarana | J26: Não | K26: Staney | L26: 66 999888998 | M26: Shirlei | N26: 47 999834854 | O26: Não | P26: 1976-07-29 | Q26: Gad
A27: 26 | B27: CIRILO DE JESUS SOARES | C27: G | D27: M | E27: 95 | F27: 1.75 | G27: 46 | H27: +55 (62) 99922-2008 | I27: Goiânia | J27: Luciana Costa de Oliveira Soares | K27: Maria Aparecida | L27: 62993997089 | M27: Pedro Henrique | N27: 62994000079 | O27: Não | P27: 1980-03-18 | Q27: EFRAIM | R27: 82
A28: 27 | B28: CLEONIS Pereira de Castro | C28: G | D28: M | E28: 78 | F28: 1.72 | G28: 66 | H28: +55 (62) 99958-1174 | I28: Goiânia | J28: Sim | K28: Iraci | L28: 62996745312 | M28: Larissa | N28: 62999765788 | O28: Não | P28: 2059-10-14 | Q28: Simeão
A29: 28 | B29: cley Altair santos | C29: G | D29: M | E29: 84 | F29: 1.77 | G29: 48 | H29: +55 (62) 99404-2763 | I29: Goiânia | J29: não | K29: filho João Vitor | L29: 6295457305 | M29: mãe celeste | N29: 6281593412 | O29: não | P29: 1977-05-16 | Q29: Issacar
A30: 29 | B30: CLEYTA FERREIRA DO COUTO | C30: G1 | D30: F | E30: 120 | F30: 1.71 | G30: 44 | H30: +55 (62) 99808-5175 | I30: Goiânia | J30: não | K30: Marido - Fernando | L30: (62) 99307-9547 | M30: Pai - Sebastião | N30: (62) 99611-5175 | O30: camarão, amendoin, coco, pelo de cachorro. | P30: 1981-09-21 | Q30: Judá
A31: 30 | B31: Diego Francisco dos Santos | C31: G | D31: M | E31: 79 | F31: 1.76 | G31: 31 | H31: +55 (62) 99201-8512 | I31: Goiânia | J31: Nao | K31: Daniel | L31: 62985630030 | M31: Daniel | N31: 62985630030 | O31: Nao | P31: 1994-11-29 | Q31: Levi
A32: 31 | B32: Diego Grando | C32: M | D32: M | E32: 78 | F32: 1.79 | G32: 43 | H32: +55 (49) 99912-1598 | I32: Pinhalzinho SC | J32: Josiane fiorini | K32: marise Grando | L32: 49 999834653 | M32: Marise Grando | N32: 49 999834653 | O32: não | P32: 1982-07-25 | Q32: Issacar
A33: 32 | B33: Dirce de Souza Lobo Oliveira | C33: M | D33: F | E33: 70 | F33: 1.65 | G33: 57 | H33: +55 (62) 99647-4797 | I33: Pires do Rio | J33: Donizete Antonio de Oliveira - Meu marido | K33: Dayanne Oliveira | L33: 62999675342 | M33: Danielly Oliveira | N33: 62996026126 | O33: Não | P33: 1969-02-22 | Q33: Rubem | R33: 33
A34: 33 | B34: Donizete Antonio de Oliveira | C34: G | D34: M | E34: 95 | F34: 1.68 | G34: 63 | H34: +55 (62) 99661-4603 | I34: Vianópolis/Pires do Rio | J34: Dirce Lobo/ Vânia Oliveira/ Nilson Oliveira | K34: danielly | L34: 62999675352 | M34: dayanne | N34: 62996026126 | O34: não | P34: 1963-04-06 | Q34: Benjamim | R34: 32
A35: 34 | B35: eder ribeiro da silva | C35: M | D35: M | E35: 75 | F35: 1.72 | G35: 43 | H35: +55 (62) 99699-2468 | I35: goiania | J35: nao | K35: esposa vanessa | L35: 62998079634 | M35: filho richard | N35: 62996992468 | O35: nao | P35: 1982-07-14 | Q35: Issacar
A36: 35 | B36: EDMAR DE PAULA SILVA | C36: GG | D36: M | E36: 87 | F36: 1.75 | G36: 39 | H36: +55 (16) 99755-3271 | I36: FRANCA SP | J36: NÃO | K36: GILBERTO (IRMÃO) | L36: 6299769578 | M36: ALINE (IRMÃ) | N36: 1699989-0819 | O36: NAO | P36: 1987-01-26 | Q36: Judá
A37: 36 | B37: Edson Luiz Pacheco Junior | C37: G | D37: M | E37: 85 | G37: 25 | H37: +55 (62) 99477-9724 | I37: Goiânia | J37: esposa Sara Angel, amigos: Josane, Pedro Luan, e Thais (está na reserva) | K37: sogra Jackeline | L37: 62 99117-1714 somente WhatsApp | M37: tia Suely | N37: 62 99292-3030 | O37: intolerância a lactose | P37: 2000-08-31 | Q37: Rubem
A38: 37 | B38: ELIANE MARTINS NUNES | C38: M | D38: F | E38: 66 | F38: 1.61 | G38: 60 | H38: +55 (62) 99971-1082 | I38: GOIÂNIA | J38: Não | K38: BRUNA | L38: 62 99908.1082 | M38: SÉRGIO | N38: 62 99696.8688 | O38: Não | P38: 1965-06-04 | Q38: Zabulom
A39: 38 | B39: Eliete Fátima Guimarães | C39: M | D39: F | E39: 58 | F39: 1.55 | G39: 68 | H39: +55 (64) 98431-2836 | I39: Caçu | J39: Sim. Adejar (marido) e Catarina Elzi (conhecida) | K39: Geovana Guimarães | L39: 62982185298 | M39: Thaís Guimarães | N39: 62982185297 | O39: Não que eu saiba | P39: 1957-09-06 | Q39: Gad
A40: 39 | B40: Elisvania Maria de Oliveira Silva | C40: G | D40: F | E40: 78 | G40: 49 | H40: +55 (62) 99937-9138 | I40: Vianopolis | J40: Não! | K40: Lara Caixeta | L40: 62999413446 | M40: João Antônio Oliveira Silva | N40: 62999482791 | O40: Não | P40: 1976-11-22 | Q40: Judá
A41: 40 | B41: Fabiano Pereira Baptista | C41: M | D41: M | E41: 80 | F41: 1.69 | G41: 53 | H41: +55 (62) 99973-3017 | I41: Goiânia | J41: Ana Luiza esposa | K41: Leandro Pereira | L41: (015 62) 98117-1679 | M41: Juliana Pereira | N41: (015 62) 99147-9793 | O41: Não | P41: 1972-11-21 | Q41: EFRAIM | R41: 8
A42: 41 | B42: Felipe Carvalho De Matos | C42: P | D42: M | E42: 62 | F42: 1.68 | G42: 28 | H42: +55 (62) 99919-7733 | I42: Goiânia | J42: Sim - Vanessa Samara | K42: Reges (pai) | L42: 62992162599 | M42: Larissa (mãe) | N42: 62999583694 | O42: Não | P42: 1997-06-11 | Q42: Benjamim
A43: 42 | B43: Fernanda Gonçalves de Oliveira | C43: M | D43: F | E43: 73 | F43: 1.65 | G43: 49 | H43: +55 (62) 99889-6049 | I43: Vianópolis | J43: Elisvania Maria, Nilson Oliveira, Matheus Romualdo | K43: Lara Caixeta | L43: 62999413446 | M43: Diogo Caixeta | N43: 62 9847-7709 | O43: Não | P43: 1976-08-15 | Q43: Levi
A44: 43 | B44: Fernanda Roncolato | C44: M | D44: F | E44: 73 | F44: 1.64 | G44: 45 | H44: +55 (62) 98533-8606 | I44: Goiânia | J44: não | K44: Rodrigo Roncolato (esposo) | L44: 62 98592-8423 | M44: Izabela Carvalho (irma) | N44: 62 98281-9963 | O44: não | P44: 1981-01-19 | Q44: Rubem
A45: 44 | B45: Fernando Bongiovanni Seraphim | C45: GG | D45: M | E45: 100 | F45: 1.85 | G45: 52 | H45: +55 (14) 99704-1530 | I45: Rio Verde | J45: Patrícia cunha | K45: Patricia Cunha | L45: 62999774020 | M45: Patricia Cunha | N45: 62999774020 | O45: Nao | P45: 1973-10-03 | Q45: Rubem
A46: 45 | B46: Fernando Costa de Souza | C46: M | D46: M | E46: 74 | F46: 1.75 | G46: 36 | H46: +55 (62) 99306-9620 | I46: Senador Canedo | J46: Não | K46: Anna Cecília ( esposa) | L46: 62992162992 | M46: Leidiane (irmã) | N46: 62985694287 | O46: Não | P46: 1990-03-30 | Q46: Issacar
A47: 46 | B47: Fernando Rodrigues Pontes | C47: GG | D47: M | E47: 94 | F47: 1.67 | G47: 46 | H47: +55 (62) 99269-6899 | I47: Goiânia | J47: não | K47: esposa Kelly 62991213760 | L47: irmão Guilherme +55 62 9125-8909 | M47: Guilherme e Luiz Carlos | N47: Luiz Carlos primo +55 62 8532-2260 | O47: nao | P47: 1979-06-27 | Q47: Judá
A48: 47 | B48: Flávia de Faria | C48: M | D48: F | E48: 72 | F48: 1.64 | G48: 48 | H48: +55 (62) 99995-3602 | I48: Silvânia | J48: Eunita, Laura, | K48: Deusimar (esposo) | L48: 62 99995 3613 | M48: Fabiana (irmã) | N48: 62 99995 3036 | O48: Não | P48: 1978-03-28 | Q48: Gad
A49: 48 | B49: Frederico Rodrigues Gonçalves | C49: GG1 | D49: M | E49: 130 | F49: 1.8 | G49: 32 | H49: +55 (62) 98162-2271 | I49: Goiânia | J49: Não | K49: Pedro - 62981129126 | L49: 62981622271 | M49: Mikael - 62981199511 | N49: 62981515237 | O49: Não | P49: 1994-03-18 | Q49: Judá
A50: 49 | B50: Gabriel Fernandes | C50: G | D50: M | E50: 87 | F50: 1.7 | G50: 25 | H50: +55 (62) 99932-6071 | I50: Aparecida De Goiania | J50: Não | K50: Fernanda Bacelar | L50: 62995456291 | M50: Fernanda Bacelar | N50: 62995456291 | O50: Não | P50: 2000-12-28 | Q50: Levi
A51: 50 | B51: Geisa Souza de Araujo | C51: G | D51: F | E51: 74 | F51: 1.6 | G51: 64 | H51: +55 (62) 98438-6602 | I51: Goiânia | J51: Nao | K51: Flavia | L51: 62996395177 | M51: Divino | N51: 62984191959 | O51: Nao | P51: 2061-10-02 | Q51: Simeão
A52: 51 | B52: Glaucia Atavila da Silva | C52: M | D52: F | E52: 68 | F52: 1.68 | G52: 50 | H52: +55 (62) 99997-1003 | I52: Goiânia | J52: Não | K52: Elza - Mãe | L52: 62999766360 | M52: Luciana - Irmã | N52: 62996314321 | O52: Alergia a crustáceos | P52: 1975-08-22 | Q52: Benjamim
A53: 52 | B53: Gustavo Henrique da Silva Rezende | C53: G | D53: M | E53: 85 | F53: 1.77 | G53: 22 | H53: +55 (64) 99200-2451 | I53: Piracanjuba | J53: Não | K53: Claudia Raquel (mae) | L53: 64992298971 | M53: Matheus Augusto (irmão) | N53: 64993263524 | O53: Não | P53: 2003-07-10 | Q53: Benjamim
... A65: 64 | B65: João Batista Espíndola | C65: G | D65: M | E65: 92 | F65: 1.7 | G65: 45 | H65: +55 (62) 99968-4577 | I65: Goiânia | J65: Não | K65: Hirllany Patrícia Dutra de Souza (esposa) | L65: 62991923942 | M65: Lidiany Danyelle Dutra de Souza (cunhada) | N65: 62981128059 | O65: Não | P65: 1980-09-15 | Q65: Rubem
A66: 65 | B66: João Marcos Ribeiro Pires | C66: P | D66: M | E66: 76 | G66: 32 | H66: +55 (62) 98464-1658 | I66: Goiânia | J66: Tenho uma amiga: Natana Miranda | K66: Aline Cardoso (amiga) | L66: 62 99411-0813 | M66: Ediene (mãe) | N66: 6298409-1887 | O66: Paracetamol | P66: 1993-07-17 | Q66: EFRAIM
A67: 66 | B67: João Paulo Souza | C67: M | D67: M | E67: 78 | F67: 1.67 | G67: 41 | H67: +55 (62) 99134-1898 | I67: Goiânia | J67: Nao | K67: Esposa Livia | L67: 62991683095 | M67: Edson | N67: (62) 98564-4523 | O67: Nao | P67: 1984-06-24 | Q67: Zabulom
A68: 67 | B68: João Victor Vieira de Pádua | C68: GG1 | D68: M | E68: 110 | F68: 1.85 | G68: 28 | H68: +55 (52) 98215-1410 | I68: Goiânia | J68: não | K68: Maria Alice | L68: 62982455007 | M68: Maria Alice | N68: 62982455007 | O68: não | P68: 1997-10-03 | Q68: Zabulom
A69: 68 | B69: Adriana Cristina de Lima Araújo | C69: G1 | D69: F | E69: 98 | F69: 1.59 | G69: 33 | H69: +55 (62) 98582-1103 | I69: Goiânia | J69: Sim, Michele amiga que o Ninho me deu | K69: Gabriel Esposo | L69: 62985413489 | M69: Maria Mãe | N69: 62991184804 | O69: Alergia a bromoprida na veia | P69: 1992-06-19 | Q69: Zabulom
A70: 69 | B70: Júlia Santos de Assis | C70: P | D70: F | E70: 68 | F70: 1.67 | G70: 21 | H70: +55 (62) 98224-5578 | I70: Goiânia | J70: Nao | K70: Neusa | L70: 62981133823 | M70: Tyessa | N70: 62984476290 | O70: Amoxicilina | P70: 2004-09-21 | Q70: Levi
A71: 70 | B71: Karla Carvalho Miranda | C71: M | D71: F | E71: 63 | F71: 1.58 | G71: 48 | H71: +55 (62) 99253-7279 | I71: Goiânia | J71: Não | K71: Terezinha R.Carvalho Miranda (mãe) | L71: (64) 992296863 | M71: Talitah Carvalho dos Santos (prima) | N71: 62982886429 | O71: Não | P71: 1977-10-31 | Q71: Zabulom
A72: 71 | B72: Karla Regina da Silva Rodrigues | C72: M | D72: F | E72: 76 | F72: 1.64 | G72: 45 | H72: +55 (62) 99983-0332 | I72: Goiânia | J72: meu esposo Carlos Bruno Rodrigues | K72: Giovanna | L72: 6299518515 | M72: Gabriella | N72: 62992448557 | O72: não | P72: 1980-06-02 | Q72: Benjamim | R72: 19
A73: 72 | B73: Kauan Henrique de Siqueira Dutra | C73: M | D73: M | E73: 65 | F73: 1.8 | G73: 21 | H73: +55 (62) 99847-7622 | I73: Silvânia-GO | J73: Não | K73: Taianny Dutra | L73: 62 99941-3562 | M73: Guilherme Sousa | N73: 62 99680-0397 | O73: Não | P73: 2004-08-04 | Q73: Levi
A74: 73 | B74: Kleiva Gonçalves Venâncio | C74: M | D74: F | E74: 61 | F74: 1.63 | G74: 32 | H74: +55 (62) 98459-4855 | I74: Jussara Go | J74: não | K74: Iêda Aparecida Gonçalves | L74: 62984430611 | M74: Camila Camargo Vieira | N74: 62982266021 | O74: não | P74: 1993-05-19 | Q74: Rubem
A75: 74 | B75: Larissa Laisa dos Santos | C75: G | D75: F | E75: 69 | F75: 1.63 | G75: 39 | H75: +55 (62) 99158-1441 | I75: Goiânia | J75: Não | K75: Édson (pai) | L75: 62 99267 9516 | M75: Maria (mãe) | N75: 62 99268 5471 | O75: Não | P75: 1987-01-18 | Q75: Judá
A76: 75 | B76: Larisse da Conceição de avis | C76: G1 | D76: F | E76: 95 | F76: 1.56 | G76: 28 | H76: +55 (62) 99384-8361 | I76: Goiania | J76: Lucas Alves Rodrigues | K76: Jedeildo | L76: 62996752362 | M76: Renata | N76: 62984529590 | O76: Não. | P76: 1997-06-14 | Q76: Issacar
A77: 76 | B77: LAURA NEVES | C77: G | D77: F | E77: 60 | F77: 1.56 | G77: 58 | H77: +55 (62) 99947-5083 | I77: Silvania | J77: Carlos Bruno, Carla Rodrigues, Tânia Monica | K77: Maryanna | L77: 62999573333 | M77: Diogo Favaretti | N77: 62998056686 | O77: Não | P77: 1968-01-03 | Q77: Rubem
A78: 77 | B78: Leandro Rocha Ribeiro | C78: G | D78: M | E78: 88 | F78: 1.78 | G78: 43 | H78: +55 (62) 98445-2974 | I78: Goiânia | J78: Sim Antônio (marido da Marciella) | K78: Eidnara esposa 62-98412-8380 | L78: 62984690899 | M78: Paula irmã 62-984452974 | N78: 62-98412-8380 | O78: Não | P78: 1982-08-01 | Q78: Zabulom
A79: 78 | B79: leonardo pires crispim de sousa | C79: GG | D79: M | E79: 95 | F79: 1.72 | G79: 42 | H79: +55 (62) 99176-0830 | I79: Goiânia | J79: Não | K79: Sandra (esposa) | L79: 62 99133-7823 | M79: Gustavo ( amigo ) | N79: 62991321718 | O79: Não | P79: 1984-04-11 | Q79: Simeão
A80: 79 | B80: Ligiane Paula Ribeiro | C80: G | D80: F | E80: 79 | F80: 1.68 | G80: 45 | H80: +55 (62) 99368-8383 | I80: goiania | J80: não | K80: Ricardo ( esposo ) | L80: 62 994307132 | M80: Sebastião ( pai) | N80: 62 991410233 | O80: A cheiros ( renite alérgica | P80: 1980-10-25 | Q80: Simeão
A81: 80 | B81: LUARA COUTO BARBOZA | C81: PP | D81: F | E81: 48 | F81: 1.48 | G81: 23 | H81: +55 (62) 99258-6183 | I81: Goiânia | J81: não | K81: luane irmã | L81: 62996330294 | M81: Luciene mãe | N81: 62 99934-7939 | O81: rinite alérgica, alergia a cachorro e gato | P81: 2002-09-19 | Q81: Rubem
A82: 81 | B82: Lucas Alves Rodrigues | C82: M | D82: M | E82: 76 | F82: 1.64 | G82: 33 | H82: +55 (62) 99303-0310 | I82: Senador Canedo | J82: sim. Larisse da Conceição Avis | K82: Renata | L82: 62984529590 | M82: Moeme | N82: 6298420-7483 | O82: não | P82: 1992-06-14 | Q82: Gad
A83: 82 | B83: Luciana Costa de Oliveira Soares | C83: G | D83: F | E83: 82 | F83: 1.57 | G83: 44 | H83: +55 (62) 99942-2008 | I83: Goiânia | J83: sim. meu esposo Cirilo de Jesus Soares | K83: Renzo Costa | L83: 62 99321-3191 | M83: Thiago Costa | N83: 6298586-2688 | O83: diporona e derivados de timerosal | P83: 1981-09-19 | Q83: Benjamim | R83: 26
A84: 83 | B84: luciano costa | C84: G | D84: M | E84: 90 | F84: 1.8 | G84: 49 | H84: +55 (62) 99407-9898 | I84: goiania | J84: nao | K84: vanessa | L84: (62 995346652) | M84: victor | N84: 62 981155050 | O84: nao | P84: 1976-11-27 | Q84: Issacar
A85: 84 | B85: LUCIANO FRANCISCO DE OLIVEIRA | C85: P | D85: M | E85: 81 | F85: 1.7 | G85: 48 | H85: +55 (62) 99181-2068 | I85: Goiânia | J85: não | K85: Lionora - irmã | L85: (62) 9.9227-4707 | M85: Ailton - cinhado | N85: 0146299229-2348 | O85: não | P85: 1977-06-02 | Q85: Levi
A86: 85 | B86: Ludmilla Batista da Silva | C86: M | D86: F | E86: 62 | F86: 1.63 | G86: 33 | H86: +55 (62) 99854-1307 | I86: Silvania | J86: Nao | K86: Erlane | L86: 62999140426 | M86: Kamylla | N86: 62998742254 | O86: Nao | P86: 1992-07-13 | Q86: Levi
A87: 86 | B87: Luigi Gabriel Batista do Carmo | C87: G | D87: M | E87: 93 | F87: 1.87 | G87: 27 | H87: (61) 99630-4055 | I87: Goiania | J87: Nao | K87: Rebeca natalia | L87: 62985073180 | M87: Ednalva | N87: 61981993244 | O87: Nao | P87: 1998-11-07 | Q87: Rubem
A88: 87 | B88: MARIZON MARTINS BARBOSA | C88: GG | D88: M | E88: 90 | F88: 1.68 | G88: 46 | H88: +55 (64) 99605-2872 | I88: Edéia | K88: Maria Cláudia | L88: 64996071378 | M88: Jerusa | N88: 64999581109 | O88: Picada marimbondo | P88: 1979-07-02 | Q88: Zabulom
A89: 88 | B89: Luzivânia Vieira Jardim Alencar | C89: GG | D89: F | E89: 90 | F89: 1.63 | G89: 53 | H89: +55 (62) 99255-2374 | I89: Goiânia | J89: Não | K89: Antonio Araujo | L89: 62 986490815 | M89: Cleusa | N89: 62 985643143 | O89: Não | P89: 1972-12-13 | Q89: Levi
A90: 89 | B90: MARCELO PORTO CORTEZ BITTAR | C90: M | D90: M | E90: 70 | F90: 1.71 | G90: 51 | H90: +55 (62) 99927-1473 | I90: Goiânia | J90: não | K90: igor | L90: 62 99171 8768 | M90: wanessa | N90: 62 991743636 | O90: não | P90: 1974-08-11 | Q90: Zabulom
A91: 90 | B91: MARCILEI PEREIRA FARIA | C91: G | D91: M | E91: 87 | F91: 1.8 | G91: 48 | H91: +55 (62) 99700-3388 | I91: GOIÂNIA | J91: NÃO | K91: DULCE - ESPOSA | L91: 62 99820-0603 | M91: RAFAEL - FILHO | N91: 62 99941-6085 | O91: NÃO | P91: 1977-06-03 | Q91: Issacar
A92: 91 | B92: Marcos Aurélio Barreto Savio | C92: G | D92: M | E92: 86 | G92: 30 | H92: +55 (62) 98305-5595 | I92: Goiania | J92: Vitória Alves Sardinha - esposa | K92: José Antonio -cunhado | L92: +55 62 98128-7383 | M92: Jair -sogro | N92: +55 62 98249-4217 | O92: Não | P92: 1996-03-17 | Q92: EFRAIM | R92: 137
A93: 92 | B93: Marcos Felipe de Freitas Martins | C93: M | D93: M | E93: 78 | F93: 1.7 | G93: 29 | H93: +55 (62) 98279-5732 | I93: Aparecida de Goiania | J93: Sim Ariane Dias | K93: Alessandro | L93: 62 9 85999216 | M93: Elisangela | N93: 62 9 84925413 | O93: Nao | P93: 1997-03-27 | Q93: EFRAIM | R93: 12
A94: 93 | B94: Marcos Vinícius Batista Ferreira | C94: P | D94: M | E94: 60 | F94: 1.65 | G94: 23 | H94: +55 (62) 99943-5664 | I94: Vianopolis | J94: Namorada (Rafaela Freitas) | K94: Mãe (Eslane) | L94: 62 996443871 | M94: Irmã (Rayane) | N94: 62 996379707 | O94: Não | P94: 2002-10-27 | Q94: Rubem | R94: 119
A95: 94 | B95: Marcus Vinicius de Oliveira Rodrigues | C95: M | D95: M | E95: 68 | F95: 1.8 | G95: 26 | H95: +55 (64) 98152-0715 | I95: Goiânia | J95: não | K95: Emanuel | L95: 62981504778 | M95: Maria Aparecida | N95: 6492965249 | O95: crustáceos frutos do mar | P95: 1999-07-09 | Q95: EFRAIM
A96: 95 | B96: Maria Aparecida Fonseca Pereira | C96: M | D96: F | E96: 55 | F96: 1.48 | G96: 68 | H96: +55 (62) 99676-2111 | I96: Goiânia-GO | J96: não que eu saiba | K96: Rosival -esposo | L96: 62 9930-0506 | M96: Maise - filha | N96: 62 98229-0600 | O96: Não | P96: 1957-11-21 | Q96: EFRAIM
A97: 96 | B97: Maria Clara Silva Scarpa | C97: M | D97: F | E97: 72 | F97: 1.67 | G97: 27 | H97: +55 (62) 98183-0324 | I97: Goiania | J97: Cunhado - Thiago Machado dos Santos | K97: Leila Aparecida da Silva | L97: +55 62 98271-0054 | M97: Roberto Carlos Scaroa | N97: +55 62 99958-0084 | O97: Não | P97: 1998-12-17 | Q97: EFRAIM
A98: 97 | B98: MARIA DE LOURDES PEREIRA SARDINHA RODRIGUES | C98: M | D98: F | E98: 65 | F98: 1.66 | G98: 54 | H98: +55 (62) 99635-8839 | I98: GOIANIA | J98: não | K98: fernando Rodrigues | L98: 62996358839 | M98: brenner Rodrigues | N98: 62996814290 | O98: insetos | P98: 1971-11-24 | Q98: Issacar
A99: 98 | B99: Maria Eduarda Barroso dos Santos | C99: P | D99: F | E99: 62 | F99: 1.67 | G99: 21 | H99: +55 (62) 99666-0772 | I99: Aparecida de Goiânia | J99: Nao | K99: Ana carla | L99: 62999235583 | M99: Pedro Henrique | N99: 62981129126 | O99: Nao | P99: 2004-06-27 | Q99: Issacar
A100: 99 | B100: Maria Eduarda Resende Santos | C100: P | D100: F | E100: 53 | F100: 1.6 | G100: 22 | H100: +55 (62) 99958-6468 | I100: Goiânia | J100: Não | K100: Thaise Oliveira Resende (mãe) | L100: (62)981231790 | M100: Eduardo Vieira dos Santos (pai) | N100: (62)981477436 | O100: Não | P100: 2004-01-31 | Q100: Levi
A101: 100 | B101: Maria Ivone Pinto Brandão Silva | C101: G | D101: F | E101: 75 | F101: 1.59 | G101: 62 | H101: +55 (62) 99103-4522 | I101: Goiânia | J101: sim. esposo: Aires Silva | K101: Ana Paula | L101: (11)93321-1010 | M101: Ana Gabriela | N101: (62) 992747297 | O101: Frutos do Mar | P101: 1963-09-14 | Q101: Zabulom | R101: 3
A102: 101 | B102: mariana linhares | C102: P | D102: F | E102: 60 | F102: 1.68 | G102: 34 | H102: +55 (62) 99433-5080 | I102: Goiânia | J102: Pedro | K102: Isabela | L102: 62982543028 | M102: Karol | N102: 62981199154 | O102: sou intolerante a glúten/lactose | P102: 1992-03-23 | Q102: Simeão
A103: 102 | B103: Marisa Edith Arias | C103: M | D103: F | E103: 65 | F103: 1.65 | G103: 49 | H103: +55 (62) 98113-1375 | I103: GOiania | J103: Thiago Lopes Damasceno | K103: Marina | L103: 62984709419 | M103: Geralda | N103: 62981419250 | O103: não | P103: 1977-04-14 | Q103: Simeão
A104: 103 | B104: MICHAEL SILVA DE ARAUJO | C104: M | D104: M | E104: 55 | F104: 1.68 | G104: 44 | H104: +55 (62) 99295-9042 | I104: GOIANIA | J104: SIM, WENDEL, REGIANE, IURI, PENELOPE, KAIQUE | K104: WENDEL CANUTO IRMÃO | L104: 62982315059 | M104: REGIANE CUNHADA | N104: 62982946306 | O104: NÃO | P104: 1981-08-24 | Q104: Gad
A105: 104 | B105: Nara Campos Terra | C105: M | D105: F | E105: 77 | F105: 1.64 | G105: 20 | H105: +55 (62) 98180-1676 | I105: Goiânia | J105: Não | K105: Nácza | L105: (62)982691516 | M105: Nábia | N105: (62)981182219 | O105: Não | P105: 2005-08-04 | Q105: Rubem
A106: 105 | B106: Natalia de Vasconcelos Saraiva | C106: G | D106: F | E106: 95 | F106: 1.63 | G106: 33 | H106: +55 (62) 99325-2912 | I106: goianira | J106: não | K106: Fernanda de Vasconcelos Saraiva | L106: 62981897671 | M106: Francisca Vilma de Vasconcelos | N106: 62991887495 | O106: Vonal - remédio para enjôo | P106: 1992-12-25 | Q106: EFRAIM | R106: 21
A107: 106 | B107: Neide Adriana de Souza Caixeta | C107: M | D107: F | E107: 74 | F107: 1.62 | G107: 51 | H107: +55 (62) 99996-7283 | I107: Vianópolis | J107: Não | K107: Isadora - Filha | L107: 64993360401 | M107: Laudo - Marido | N107: 62999967283 | O107: Não | P107: 1975-02-02 | Q107: Simeão
A108: 107 | B108: Nilson Gomes da Silva | C108: G | D108: M | G108: 57 | H108: +55 (62) 99622-7114 | I108: Vianopolis | J108: Não | K108: João Antônio Oliveira Silva | L108: 62999482791 | M108: Aline Costa paiva | N108: 62999481903 | O108: Nao | P108: 1968-10-05 | Q108: Gad
A109: 108 | B109: Nivaldo Antônio Bueno | C109: M | D109: M | E109: 80 | F109: 1.7 | G109: 37 | H109: +55 (62) 99939-1892 | I109: Silvania | J109: Não | K109: 62 99945-2232 | L109: 62999059711 | M109: 62 99945-2232 | N109: 62999546054 | O109: Nao | P109: 1988-12-06 | Q109: Gad
A110: 109 | B110: Nycolly Alves Santos | C110: GG | D110: F | E110: 104 | F110: 1.76 | G110: 22 | H110: +55 (62) 98219-3730 | I110: Goiânia | J110: Não | K110: Junio Batista (pai) | L110: 62999840302 | M110: Guilherme (irmão) | N110: 981954933 | O110: Não | P110: 2003-07-05 | Q110: Rubem
A111: 110 | B111: Nádia Regina Coelho Moura | C111: PP | D111: F | E111: 60 | F111: 1.67 | G111: 34 | H111: +55 (62) 98557-0108 | I111: goiânia | J111: não | K111: Antonio Carlos Moura | L111: +55 62 98103-0562 | M111: Silma Coelho Moura | N111: 62985570108 | O111: hidrocortisona, abelhas, mosquitos | P111: 1991-05-04 | Q111: EFRAIM
...

Sheet Relatorio Familia Provas
A1: Cor: Amarela | E1: Tribo Simeão
A4: Anjos: | G4: Anjo Guardião:
A5: Bruno Cunha | G5: Ericka
A6: Suellen
A8: Ficha ✏️ | B8: Nome | C8: Peso | D8: Alt | E8: Idade | F8: Cidade | G8: Camiseta | H8: Celular | I8: ⚠️ Alerta / Observações | J8: Sexo
A9: 4 | B9: =IFERROR(VLOOKUP(A9,'Cadastro Geral Campistas'!$A:$R,2,0),"") | C9: =IFERROR(VLOOKUP(A9,'Cadastro Geral Campistas'!$A:$R,5,0),"") | D9: =IFERROR(VLOOKUP(A9,'Cadastro Geral Campistas'!$A:$R,6,0),"") | E9: =IFERROR(VLOOKUP(A9,'Cadastro Geral Campistas'!$A:$R,7,0),"") | F9: =IFERROR(VLOOKUP(A9,'Cadastro Geral Campistas'!$A:$R,9,0),"") | G9: =IFERROR(VLOOKUP(A9,'Cadastro Geral Campistas'!$A:$R,3,0),"") | H9: =IFERROR(VLOOKUP(A9,'Cadastro Geral Campistas'!$A:$R,8,0),"") | I9: =IF(AND(IFERROR(VLOOKUP(A9,'Cadastro Geral Campistas'!$A:$R,18,0),0)>0,COUNTIF($A$9:$A$24,IFERROR(VLOOKUP(A9,'Cadastro Geral Campistas'!$A:$R,18,0),0))>0),"⚠️ CONFLITO! Cônjuge na mesma tribo: "&IFERROR(VLOOKUP(IFERROR(VLOOKUP(A9,'Cadastro Geral Campistas'!$A:$R,18,0),0),'Cadastro Geral Campistas'!$A:$R,2,""),""),TRIM(IF(AND(IFERROR(VLOOKUP(A9,'Cadastro Geral Campistas'!$A:$R,10,0),"")<>"",LOWER(TRIM(IFERROR(VLOOKUP(A9,'Cadastro Geral Campistas'!$A:$R,10,0),"")))<>"não",LOWER(TRIM(IFERROR(VLOOKUP(A9,'Cadastro Geral Campistas'!$A:$R,10,0),"")))<>"nao",LOWER(TRIM(IFERROR(VLOOKUP(A9,'Cadastro Geral Campistas'!$A:$R,10,0),"")))<>"0"),IFERROR(VLOOKUP(A9,'Cadastro Geral Campistas'!$A:$R,10,0),"")&IF(AND(IFERROR(VLOOKUP(A9,'Cadastro Geral Campistas'!$A:$R,15,0),"")<>"",LOWER(TRIM(IFERROR(VLOOKUP(A9,'Cadastro Geral Campistas'!$A:$R,15,0),"")))<>"não",LOWER(TRIM(IFERROR(VLOOKUP(A9,'Cadastro Geral Campistas'!$A:$R,15,0),"")))<>"nao",LOWER(TRIM(IFERROR(VLOOKUP(A9,'Cadastro Geral Campistas'!$A:$R,15,0),"")))<>"0")," | Alergia: "&IFERROR(VLOOKUP(A9,'Cadastro Geral Campistas'!$A:$R,15,0),""),""),IF(AND(IFERROR(VLOOKUP(A9,'Cadastro Geral Campistas'!$A:$R,15,0),"")<>"",LOWER(TRIM(IFERROR(VLOOKUP(A9,'Cadastro Geral Campistas'!$A:$R,15,0),"")))<>"não",LOWER(TRIM(IFERROR(VLOOKUP(A9,'Cadastro Geral Campistas'!$A:$R,15,0),"")))<>"nao",LOWER(TRIM(IFERROR(VLOOKUP(A9,'Cadastro Geral Campistas'!$A:$R,15,0),"")))<>"0"),"Alergia: "&IFERROR(VLOOKUP(A9,'Cadastro Geral Campistas'!$A:$R,15,0),""),"")))) | J9: =IFERROR(VLOOKUP(A9,'Cadastro Geral Campistas'!$A:$R,4,0),"")
A10: 6 | B10: =IFERROR(VLOOKUP(A10,'Cadastro Geral Campistas'!$A:$R,2,0),"") | C10: =IFERROR(VLOOKUP(A10,'Cadastro Geral Campistas'!$A:$R,5,0),"") | D10: =IFERROR(VLOOKUP(A10,'Cadastro Geral Campistas'!$A:$R,6,0),"") | E10: =IFERROR(VLOOKUP(A10,'Cadastro Geral Campistas'!$A:$R,7,0),"") | F10: =IFERROR(VLOOKUP(A10,'Cadastro Geral Campistas'!$A:$R,9,0),"") | G10: =IFERROR(VLOOKUP(A10,'Cadastro Geral Campistas'!$A:$R,3,0),"") | H10: =IFERROR(VLOOKUP(A10,'Cadastro Geral Campistas'!$A:$R,8,0),"") | I10: =IF(AND(IFERROR(VLOOKUP(A10,'Cadastro Geral Campistas'!$A:$R,18,0),0)>0,COUNTIF($A$9:$A$24,IFERROR(VLOOKUP(A10,'Cadastro Geral Campistas'!$A:$R,18,0),0))>0),"⚠️ CONFLITO! Cônjuge na mesma tribo: "&IFERROR(VLOOKUP(IFERROR(VLOOKUP(A10,'Cadastro Geral Campistas'!$A:$R,18,0),0),'Cadastro Geral Campistas'!$A:$R,2,""),""),TRIM(IF(AND(IFERROR(VLOOKUP(A10,'Cadastro Geral Campistas'!$A:$R,10,0),"")<>"",LOWER(TRIM(IFERROR(VLOOKUP(A10,'Cadastro Geral Campistas'!$A:$R,10,0),"")))<>"não",LOWER(TRIM(IFERROR(VLOOKUP(A10,'Cadastro Geral Campistas'!$A:$R,10,0),"")))<>"nao",LOWER(TRIM(IFERROR(VLOOKUP(A10,'Cadastro Geral Campistas'!$A:$R,10,0),"")))<>"0"),IFERROR(VLOOKUP(A10,'Cadastro Geral Campistas'!$A:$R,10,0),"")&IF(AND(IFERROR(VLOOKUP(A10,'Cadastro Geral Campistas'!$A:$R,15,0),"")<>"",LOWER(TRIM(IFERROR(VLOOKUP(A10,'Cadastro Geral Campistas'!$A:$R,15,0),"")))<>"não",LOWER(TRIM(IFERROR(VLOOKUP(A10,'Cadastro Geral Campistas'!$A:$R,15,0),"")))<>"nao",LOWER(TRIM(IFERROR(VLOOKUP(A10,'Cadastro Geral Campistas'!$A:$R,15,0),"")))<>"0")," | Alergia: "&IFERROR(VLOOKUP(A10,'Cadastro Geral Campistas'!$A:$R,15,0),""),""),IF(AND(IFERROR(VLOOKUP(A10,'Cadastro Geral Campistas'!$A:$R,15,0),"")<>"",LOWER(TRIM(IFERROR(VLOOKUP(A10,'Cadastro Geral Campistas'!$A:$R,15,0),"")))<>"não",LOWER(TRIM(IFERROR(VLOOKUP(A10,'Cadastro Geral Campistas'!$A:$R,15,0),"")))<>"nao",LOWER(TRIM(IFERROR(VLOOKUP(A10,'Cadastro Geral Campistas'!$A:$R,15,0),"")))<>"0"),"Alergia: "&IFERROR(VLOOKUP(A10,'Cadastro Geral Campistas'!$A:$R,15,0),""),"")))) | J10: =IFERROR(VLOOKUP(A10,'Cadastro Geral Campistas'!$A:$R,4,0),"")
A11: 50 | B11: =IFERROR(VLOOKUP(A11,'Cadastro Geral Campistas'!$A:$R,2,0),"") | C11: =IFERROR(VLOOKUP(A11,'Cadastro Geral Campistas'!$A:$R,5,0),"") | D11: =IFERROR(VLOOKUP(A11,'Cadastro Geral Campistas'!$A:$R,6,0),"") | E11: =IFERROR(VLOOKUP(A11,'Cadastro Geral Campistas'!$A:$R,7,0),"") | F11: =IFERROR(VLOOKUP(A11,'Cadastro Geral Campistas'!$A:$R,9,0),"") | G11: =IFERROR(VLOOKUP(A11,'Cadastro Geral Campistas'!$A:$R,3,0),"") | H11: =IFERROR(VLOOKUP(A11,'Cadastro Geral Campistas'!$A:$R,8,0),"") | I11: =IF(AND(IFERROR(VLOOKUP(A11,'Cadastro Geral Campistas'!$A:$R,18,0),0)>0,COUNTIF($A$9:$A$24,IFERROR(VLOOKUP(A11,'Cadastro Geral Campistas'!$A:$R,18,0),0))>0),"⚠️ CONFLITO! Cônjuge na mesma tribo: "&IFERROR(VLOOKUP(IFERROR(VLOOKUP(A11,'Cadastro Geral Campistas'!$A:$R,18,0),0),'Cadastro Geral Campistas'!$A:$R,2,""),""),TRIM(IF(AND(IFERROR(VLOOKUP(A11,'Cadastro Geral Campistas'!$A:$R,10,0),"")<>"",LOWER(TRIM(IFERROR(VLOOKUP(A11,'Cadastro Geral Campistas'!$A:$R,10,0),"")))<>"não",LOWER(TRIM(IFERROR(VLOOKUP(A11,'Cadastro Geral Campistas'!$A:$R,10,0),"")))<>"nao",LOWER(TRIM(IFERROR(VLOOKUP(A11,'Cadastro Geral Campistas'!$A:$R,10,0),"")))<>"0"),IFERROR(VLOOKUP(A11,'Cadastro Geral Campistas'!$A:$R,10,0),"")&IF(AND(IFERROR(VLOOKUP(A11,'Cadastro Geral Campistas'!$A:$R,15,0),"")<>"",LOWER(TRIM(IFERROR(VLOOKUP(A11,'Cadastro Geral Campistas'!$A:$R,15,0),"")))<>"não",LOWER(TRIM(IFERROR(VLOOKUP(A11,'Cadastro Geral Campistas'!$A:$R,15,0),"")))<>"nao",LOWER(TRIM(IFERROR(VLOOKUP(A11,'Cadastro Geral Campistas'!$A:$R,15,0),"")))<>"0")," | Alergia: "&IFERROR(VLOOKUP(A11,'Cadastro Geral Campistas'!$A:$R,15,0),""),""),IF(AND(IFERROR(VLOOKUP(A11,'Cadastro Geral Campistas'!$A:$R,15,0),"")<>"",LOWER(TRIM(IFERROR(VLOOKUP(A11,'Cadastro Geral Campistas'!$A:$R,15,0),"")))<>"não",LOWER(TRIM(IFERROR(VLOOKUP(A11,'Cadastro Geral Campistas'!$A:$R,15,0),"")))<>"nao",LOWER(TRIM(IFERROR(VLOOKUP(A11,'Cadastro Geral Campistas'!$A:$R,15,0),"")))<>"0"),"Alergia: "&IFERROR(VLOOKUP(A11,'Cadastro Geral Campistas'!$A:$R,15,0),""),"")))) | J11: =IFERROR(VLOOKUP(A11,'Cadastro Geral Campistas'!$A:$R,4,0),"")
A12: 79 | B12: =IFERROR(VLOOKUP(A12,'Cadastro Geral Campistas'!$A:$R,2,0),"") | C12: =IFERROR(VLOOKUP(A12,'Cadastro Geral Campistas'!$A:$R,5,0),"") | D12: =IFERROR(VLOOKUP(A12,'Cadastro Geral Campistas'!$A:$R,6,0),"") | E12: =IFERROR(VLOOKUP(A12,'Cadastro Geral Campistas'!$A:$R,7,0),"") | F12: =IFERROR(VLOOKUP(A12,'Cadastro Geral Campistas'!$A:$R,9,0),"") | G12: =IFERROR(VLOOKUP(A12,'Cadastro Geral Campistas'!$A:$R,3,0),"") | H12: =IFERROR(VLOOKUP(A12,'Cadastro Geral Campistas'!$A:$R,8,0),"") | I12: =IF(AND(IFERROR(VLOOKUP(A12,'Cadastro Geral Campistas'!$A:$R,18,0),0)>0,COUNTIF($A$9:$A$24,IFERROR(VLOOKUP(A12,'Cadastro Geral Campistas'!$A:$R,18,0),0))>0),"⚠️ CONFLITO! Cônjuge na mesma tribo: "&IFERROR(VLOOKUP(IFERROR(VLOOKUP(A12,'Cadastro Geral Campistas'!$A:$R,18,0),0),'Cadastro Geral Campistas'!$A:$R,2,""),""),TRIM(IF(AND(IFERROR(VLOOKUP(A12,'Cadastro Geral Campistas'!$A:$R,10,0),"")<>"",LOWER(TRIM(IFERROR(VLOOKUP(A12,'Cadastro Geral Campistas'!$A:$R,10,0),"")))<>"não",LOWER(TRIM(IFERROR(VLOOKUP(A12,'Cadastro Geral Campistas'!$A:$R,10,0),"")))<>"nao",LOWER(TRIM(IFERROR(VLOOKUP(A12,'Cadastro Geral Campistas'!$A:$R,10,0),"")))<>"0"),IFERROR(VLOOKUP(A12,'Cadastro Geral Campistas'!$A:$R,10,0),"")&IF(AND(IFERROR(VLOOKUP(A12,'Cadastro Geral Campistas'!$A:$R,15,0),"")<>"",LOWER(TRIM(IFERROR(VLOOKUP(A12,'Cadastro Geral Campistas'!$A:$R,15,0),"")))<>"não",LOWER(TRIM(IFERROR(VLOOKUP(A12,'Cadastro Geral Campistas'!$A:$R,15,0),"")))<>"nao",LOWER(TRIM(IFERROR(VLOOKUP(A12,'Cadastro Geral Campistas'!$A:$R,15,0),"")))<>"0")," | Alergia: "&IFERROR(VLOOKUP(A12,'Cadastro Geral Campistas'!$A:$R,15,0),""),""),IF(AND(IFERROR(VLOOKUP(A12,'Cadastro Geral Campistas'!$A:$R,15,0),"")<>"",LOWER(TRIM(IFERROR(VLOOKUP(A12,'Cadastro Geral Campistas'!$A:$R,15,0),"")))<>"não",LOWER(TRIM(IFERROR(VLOOKUP(A12,'Cadastro Geral Campistas'!$A:$R,15,0),"")))<>"nao",LOWER(TRIM(IFERROR(VLOOKUP(A12,'Cadastro Geral Campistas'!$A:$R,15,0),"")))<>"0"),"Alergia: "&IFERROR(VLOOKUP(A12,'Cadastro Geral Campistas'!$A:$R,15,0),""),"")))) | J12: =IFERROR(VLOOKUP(A12,'Cadastro Geral Campistas'!$A:$R,4,0),"")
A13: 101 | B13: =IFERROR(VLOOKUP(A13,'Cadastro Geral Campistas'!$A:$R,2,0),"") | C13: =IFERROR(VLOOKUP(A13,'Cadastro Geral Campistas'!$A:$R,5,0),"") | D13: =IFERROR(VLOOKUP(A13,'Cadastro Geral Campistas'!$A:$R,6,0),"") | E13: =IFERROR(VLOOKUP(A13,'Cadastro Geral Campistas'!$A:$R,7,0),"") | F13: =IFERROR(VLOOKUP(A13,'Cadastro Geral Campistas'!$A:$R,9,0),"") | G13: =IFERROR(VLOOKUP(A13,'Cadastro Geral Campistas'!$A:$R,3,0),"") | H13: =IFERROR(VLOOKUP(A13,'Cadastro Geral Campistas'!$A:$R,8,0),"") | I13: =IF(AND(IFERROR(VLOOKUP(A13,'Cadastro Geral Campistas'!$A:$R,18,0),0)>0,COUNTIF($A$9:$A$24,IFERROR(VLOOKUP(A13,'Cadastro Geral Campistas'!$A:$R,18,0),0))>0),"⚠️ CONFLITO! Cônjuge na mesma tribo: "&IFERROR(VLOOKUP(IFERROR(VLOOKUP(A13,'Cadastro Geral Campistas'!$A:$R,18,0),0),'Cadastro Geral Campistas'!$A:$R,2,""),""),TRIM(IF(AND(IFERROR(VLOOKUP(A13,'Cadastro Geral Campistas'!$A:$R,10,0),"")<>"",LOWER(TRIM(IFERROR(VLOOKUP(A13,'Cadastro Geral Campistas'!$A:$R,10,0),"")))<>"não",LOWER(TRIM(IFERROR(VLOOKUP(A13,'Cadastro Geral Campistas'!$A:$R,10,0),"")))<>"nao",LOWER(TRIM(IFERROR(VLOOKUP(A13,'Cadastro Geral Campistas'!$A:$R,10,0),"")))<>"0"),IFERROR(VLOOKUP(A13,'Cadastro Geral Campistas'!$A:$R,10,0),"")&IF(AND(IFERROR(VLOOKUP(A13,'Cadastro Geral Campistas'!$A:$R,15,0),"")<>"",LOWER(TRIM(IFERROR(VLOOKUP(A13,'Cadastro Geral Campistas'!$A:$R,15,0),"")))<>"não",LOWER(TRIM(IFERROR(VLOOKUP(A13,'Cadastro Geral Campistas'!$A:$R,15,0),"")))<>"nao",LOWER(TRIM(IFERROR(VLOOKUP(A13,'Cadastro Geral Campistas'!$A:$R,15,0),"")))<>"0")," | Alergia: "&IFERROR(VLOOKUP(A13,'Cadastro Geral Campistas'!$A:$R,15,0),""),""),IF(AND(IFERROR(VLOOKUP(A13,'Cadastro Geral Campistas'!$A:$R,15,0),"")<>"",LOWER(TRIM(IFERROR(VLOOKUP(A13,'Cadastro Geral Campistas'!$A:$R,15,0),"")))<>"não",LOWER(TRIM(IFERROR(VLOOKUP(A13,'Cadastro Geral Campistas'!$A:$R,15,0),"")))<>"nao",LOWER(TRIM(IFERROR(VLOOKUP(A13,'Cadastro Geral Campistas'!$A:$R,15,0),"")))<>"0"),"Alergia: "&IFERROR(VLOOKUP(A13,'Cadastro Geral Campistas'!$A:$R,15,0),""),"")))) | J13: =IFERROR(VLOOKUP(A13,'Cadastro Geral Campistas'!$A:$R,4,0),"")
A14: 102 | B14: =IFERROR(VLOOKUP(A14,'Cadastro Geral Campistas'!$A:$R,2,0),"") | C14: =IFERROR(VLOOKUP(A14,'Cadastro Geral Campistas'!$A:$R,5,0),"") | D14: =IFERROR(VLOOKUP(A14,'Cadastro Geral Campistas'!$A:$R,6,0),"") | E14: =IFERROR(VLOOKUP(A14,'Cadastro Geral Campistas'!$A:$R,7,0),"") | F14: =IFERROR(VLOOKUP(A14,'Cadastro Geral Campistas'!$A:$R,9,0),"") | G14: =IFERROR(VLOOKUP(A14,'Cadastro Geral Campistas'!$A:$R,3,0),"") | H14: =IFERROR(VLOOKUP(A14,'Cadastro Geral Campistas'!$A:$R,8,0),"") | I14: =IF(AND(IFERROR(VLOOKUP(A14,'Cadastro Geral Campistas'!$A:$R,18,0),0)>0,COUNTIF($A$9:$A$24,IFERROR(VLOOKUP(A14,'Cadastro Geral Campistas'!$A:$R,18,0),0))>0),"⚠️ CONFLITO! Cônjuge na mesma tribo: "&IFERROR(VLOOKUP(IFERROR(VLOOKUP(A14,'Cadastro Geral Campistas'!$A:$R,18,0),0),'Cadastro Geral Campistas'!$A:$R,2,""),""),TRIM(IF(AND(IFERROR(VLOOKUP(A14,'Cadastro Geral Campistas'!$A:$R,10,0),"")<>"",LOWER(TRIM(IFERROR(VLOOKUP(A14,'Cadastro Geral Campistas'!$A:$R,10,0),"")))<>"não",LOWER(TRIM(IFERROR(VLOOKUP(A14,'Cadastro Geral Campistas'!$A:$R,10,0),"")))<>"nao",LOWER(TRIM(IFERROR(VLOOKUP(A14,'Cadastro Geral Campistas'!$A:$R,10,0),"")))<>"0"),IFERROR(VLOOKUP(A14,'Cadastro Geral Campistas'!$A:$R,10,0),"")&IF(AND(IFERROR(VLOOKUP(A14,'Cadastro Geral Campistas'!$A:$R,15,0),"")<>"",LOWER(TRIM(IFERROR(VLOOKUP(A14,'Cadastro Geral Campistas'!$A:$R,15,0),"")))<>"não",LOWER(TRIM(IFERROR(VLOOKUP(A14,'Cadastro Geral Campistas'!$A:$R,15,0),"")))<>"nao",LOWER(TRIM(IFERROR(VLOOKUP(A14,'Cadastro Geral Campistas'!$A:$R,15,0),"")))<>"0")," | Alergia: "&IFERROR(VLOOKUP(A14,'Cadastro Geral Campistas'!$A:$R,15,0),""),""),IF(AND(IFERROR(VLOOKUP(A14,'Cadastro Geral Campistas'!$A:$R,15,0),"")<>"",LOWER(TRIM(IFERROR(VLOOKUP(A14,'Cadastro Geral Campistas'!$A:$R,15,0),"")))<>"não",LOWER(TRIM(IFERROR(VLOOKUP(A14,'Cadastro Geral Campistas'!$A:$R,15,0),"")))<>"nao",LOWER(TRIM(IFERROR(VLOOKUP(A14,'Cadastro Geral Campistas'!$A:$R,15,0),"")))<>"0"),"Alergia: "&IFERROR(VLOOKUP(A14,'Cadastro Geral Campistas'!$A:$R,15,0),""),"")))) | J14: =IFERROR(VLOOKUP(A14,'Cadastro Geral Campistas'!$A:$R,4,0),"")
A15: 106 | B15: =IFERROR(VLOOKUP(A15,'Cadastro Geral Campistas'!$A:$R,2,0),"") | C15: =IFERROR(VLOOKUP(A15,'Cadastro Geral Campistas'!$A:$R,5,0),"") | D15: =IFERROR(VLOOKUP(A15,'Cadastro Geral Campistas'!$A:$R,6,0),"") | E15: =IFERROR(VLOOKUP(A15,'Cadastro Geral Campistas'!$A:$R,7,0),"") | F15: =IFERROR(VLOOKUP(A15,'Cadastro Geral Campistas'!$A:$R,9,0),"") | G15: =IFERROR(VLOOKUP(A15,'Cadastro Geral Campistas'!$A:$R,3,0),"") | H15: =IFERROR(VLOOKUP(A15,'Cadastro Geral Campistas'!$A:$R,8,0),"") | I15: =IF(AND(IFERROR(VLOOKUP(A15,'Cadastro Geral Campistas'!$A:$R,18,0),0)>0,COUNTIF($A$9:$A$24,IFERROR(VLOOKUP(A15,'Cadastro Geral Campistas'!$A:$R,18,0),0))>0),"⚠️ CONFLITO! Cônjuge na mesma tribo: "&IFERROR(VLOOKUP(IFERROR(VLOOKUP(A15,'Cadastro Geral Campistas'!$A:$R,18,0),0),'Cadastro Geral Campistas'!$A:$R,2,""),""),TRIM(IF(AND(IFERROR(VLOOKUP(A15,'Cadastro Geral Campistas'!$A:$R,10,0),"")<>"",LOWER(TRIM(IFERROR(VLOOKUP(A15,'Cadastro Geral Campistas'!$A:$R,10,0),"")))<>"não",LOWER(TRIM(IFERROR(VLOOKUP(A15,'Cadastro Geral Campistas'!$A:$R,10,0),"")))<>"nao",LOWER(TRIM(IFERROR(VLOOKUP(A15,'Cadastro Geral Campistas'!$A:$R,10,0),"")))<>"0"),IFERROR(VLOOKUP(A15,'Cadastro Geral Campistas'!$A:$R,10,0),"")&IF(AND(IFERROR(VLOOKUP(A15,'Cadastro Geral Campistas'!$A:$R,15,0),"")<>"",LOWER(TRIM(IFERROR(VLOOKUP(A15,'Cadastro Geral Campistas'!$A:$R,15,0),"")))<>"não",LOWER(TRIM(IFERROR(VLOOKUP(A15,'Cadastro Geral Campistas'!$A:$R,15,0),"")))<>"nao",LOWER(TRIM(IFERROR(VLOOKUP(A15,'Cadastro Geral Campistas'!$A:$R,15,0),"")))<>"0")," | Alergia: "&IFERROR(VLOOKUP(A15,'Cadastro Geral Campistas'!$A:$R,15,0),""),""),IF(AND(IFERROR(VLOOKUP(A15,'Cadastro Geral Campistas'!$A:$R,15,0),"")<>"",LOWER(TRIM(IFERROR(VLOOKUP(A15,'Cadastro Geral Campistas'!$A:$R,15,0),"")))<>"não",LOWER(TRIM(IFERROR(VLOOKUP(A15,'Cadastro Geral Campistas'!$A:$R,15,0),"")))<>"nao",LOWER(TRIM(IFERROR(VLOOKUP(A15,'Cadastro Geral Campistas'!$A:$R,15,0),"")))<>"0"),"Alergia: "&IFERROR(VLOOKUP(A15,'Cadastro Geral Campistas'!$A:$R,15,0),""),"")))) | J15: =IFERROR(VLOOKUP(A15,'Cadastro Geral Campistas'!$A:$R,4,0),"")
A16: 129 | B16: =IFERROR(VLOOKUP(A16,'Cadastro Geral Campistas'!$A:$R,2,0),"") | C16: =IFERROR(VLOOKUP(A16,'Cadastro Geral Campistas'!$A:$R,5,0),"") | D16: =IFERROR(VLOOKUP(A16,'Cadastro Geral Campistas'!$A:$R,6,0),"") | E16: =IFERROR(VLOOKUP(A16,'Cadastro Geral Campistas'!$A:$R,7,0),"") | F16: =IFERROR(VLOOKUP(A16,'Cadastro Geral Campistas'!$A:$R,9,0),"") | G16: =IFERROR(VLOOKUP(A16,'Cadastro Geral Campistas'!$A:$R,3,0),"") | H16: =IFERROR(VLOOKUP(A16,'Cadastro Geral Campistas'!$A:$R,8,0),"") | I16: =IF(AND(IFERROR(VLOOKUP(A16,'Cadastro Geral Campistas'!$A:$R,18,0),0)>0,COUNTIF($A$9:$A$24,IFERROR(VLOOKUP(A16,'Cadastro Geral Campistas'!$A:$R,18,0),0))>0),"⚠️ CONFLITO! Cônjuge na mesma tribo: "&IFERROR(VLOOKUP(IFERROR(VLOOKUP(A16,'Cadastro Geral Campistas'!$A:$R,18,0),0),'Cadastro Geral Campistas'!$A:$R,2,""),""),TRIM(IF(AND(IFERROR(VLOOKUP(A16,'Cadastro Geral Campistas'!$A:$R,10,0),"")<>"",LOWER(TRIM(IFERROR(VLOOKUP(A16,'Cadastro Geral Campistas'!$A:$R,10,0),"")))<>"não",LOWER(TRIM(IFERROR(VLOOKUP(A16,'Cadastro Geral Campistas'!$A:$R,10,0),"")))<>"nao",LOWER(TRIM(IFERROR(VLOOKUP(A16,'Cadastro Geral Campistas'!$A:$R,10,0),"")))<>"0"),IFERROR(VLOOKUP(A16,'Cadastro Geral Campistas'!$A:$R,10,0),"")&IF(AND(IFERROR(VLOOKUP(A16,'Cadastro Geral Campistas'!$A:$R,15,0),"")<>"",LOWER(TRIM(IFERROR(VLOOKUP(A16,'Cadastro Geral Campistas'!$A:$R,15,0),"")))<>"não",LOWER(TRIM(IFERROR(VLOOKUP(A16,'Cadastro Geral Campistas'!$A:$R,15,0),"")))<>"nao",LOWER(TRIM(IFERROR(VLOOKUP(A16,'Cadastro Geral Campistas'!$A:$R,15,0),"")))<>"0")," | Alergia: "&IFERROR(VLOOKUP(A16,'Cadastro Geral Campistas'!$A:$R,15,0),""),""),IF(AND(IFERROR(VLOOKUP(A16,'Cadastro Geral Campistas'!$A:$R,15,0),"")<>"",LOWER(TRIM(IFERROR(VLOOKUP(A16,'Cadastro Geral Campistas'!$A:$R,15,0),"")))<>"não",LOWER(TRIM(IFERROR(VLOOKUP(A16,'Cadastro Geral Campistas'!$A:$R,15,0),"")))<>"nao",LOWER(TRIM(IFERROR(VLOOKUP(A16,'Cadastro Geral Campistas'!$A:$R,15,0),"")))<>"0"),"Alergia: "&IFERROR(VLOOKUP(A16,'Cadastro Geral Campistas'!$A:$R,15,0),""),"")))) | J16: =IFERROR(VLOOKUP(A16,'Cadastro Geral Campistas'!$A:$R,4,0),"")
A17: 19 | B17: =IFERROR(VLOOKUP(A17,'Cadastro Geral Campistas'!$A:$R,2,0),"") | C17: =IFERROR(VLOOKUP(A17,'Cadastro Geral Campistas'!$A:$R,5,0),"") | D17: =IFERROR(VLOOKUP(A17,'Cadastro Geral Campistas'!$A:$R,6,0),"") | E17: =IFERROR(VLOOKUP(A17,'Cadastro Geral Campistas'!$A:$R,7,0),"") | F17: =IFERROR(VLOOKUP(A17,'Cadastro Geral Campistas'!$A:$R,9,0),"") | G17: =IFERROR(VLOOKUP(A17,'Cadastro Geral Campistas'!$A:$R,3,0),"") | H17: =IFERROR(VLOOKUP(A17,'Cadastro Geral Campistas'!$A:$R,8,0),"") | I17: =IF(AND(IFERROR(VLOOKUP(A17,'Cadastro Geral Campistas'!$A:$R,18,0),0)>0,COUNTIF($A$9:$A$24,IFERROR(VLOOKUP(A17,'Cadastro Geral Campistas'!$A:$R,18,0),0))>0),"⚠️ CONFLITO! Cônjuge na mesma tribo: "&IFERROR(VLOOKUP(IFERROR(VLOOKUP(A17,'Cadastro Geral Campistas'!$A:$R,18,0),0),'Cadastro Geral Campistas'!$A:$R,2,""),""),TRIM(IF(AND(IFERROR(VLOOKUP(A17,'Cadastro Geral Campistas'!$A:$R,10,0),"")<>"",LOWER(TRIM(IFERROR(VLOOKUP(A17,'Cadastro Geral Campistas'!$A:$R,10,0),"")))<>"não",LOWER(TRIM(IFERROR(VLOOKUP(A17,'Cadastro Geral Campistas'!$A:$R,10,0),"")))<>"nao",LOWER(TRIM(IFERROR(VLOOKUP(A17,'Cadastro Geral Campistas'!$A:$R,10,0),"")))<>"0"),IFERROR(VLOOKUP(A17,'Cadastro Geral Campistas'!$A:$R,10,0),"")&IF(AND(IFERROR(VLOOKUP(A17,'Cadastro Geral Campistas'!$A:$R,15,0),"")<>"",LOWER(TRIM(IFERROR(VLOOKUP(A17,'Cadastro Geral Campistas'!$A:$R,15,0),"")))<>"não",LOWER(TRIM(IFERROR(VLOOKUP(A17,'Cadastro Geral Campistas'!$A:$R,15,0),"")))<>"nao",LOWER(TRIM(IFERROR(VLOOKUP(A17,'Cadastro Geral Campistas'!$A:$R,15,0),"")))<>"0")," | Alergia: "&IFERROR(VLOOKUP(A17,'Cadastro Geral Campistas'!$A:$R,15,0),""),""),IF(AND(IFERROR(VLOOKUP(A17,'Cadastro Geral Campistas'!$A:$R,15,0),"")<>"",LOWER(TRIM(IFERROR(VLOOKUP(A17,'Cadastro Geral Campistas'!$A:$R,15,0),"")))<>"não",LOWER(TRIM(IFERROR(VLOOKUP(A17,'Cadastro Geral Campistas'!$A:$R,15,0),"")))<>"nao",LOWER(TRIM(IFERROR(VLOOKUP(A17,'Cadastro Geral Campistas'!$A:$R,15,0),"")))<>"0"),"Alergia: "&IFERROR(VLOOKUP(A17,'Cadastro Geral Campistas'!$A:$R,15,0),""),"")))) | J17: =IFERROR(VLOOKUP(A17,'Cadastro Geral Campistas'!$A:$R,4,0),"")
A18: 27 | B18: =IFERROR(VLOOKUP(A18,'Cadastro Geral Campistas'!$A:$R,2,0),"") | C18: =IFERROR(VLOOKUP(A18,'Cadastro Geral Campistas'!$A:$R,5,0),"") | D18: =IFERROR(VLOOKUP(A18,'Cadastro Geral Campistas'!$A:$R,6,0),"") | E18: =IFERROR(VLOOKUP(A18,'Cadastro Geral Campistas'!$A:$R,7,0),"") | F18: =IFERROR(VLOOKUP(A18,'Cadastro Geral Campistas'!$A:$R,9,0),"") | G18: =IFERROR(VLOOKUP(A18,'Cadastro Geral Campistas'!$A:$R,3,0),"") | H18: =IFERROR(VLOOKUP(A18,'Cadastro Geral Campistas'!$A:$R,8,0),"") | I18: =IF(AND(IFERROR(VLOOKUP(A18,'Cadastro Geral Campistas'!$A:$R,18,0),0)>0,COUNTIF($A$9:$A$24,IFERROR(VLOOKUP(A18,'Cadastro Geral Campistas'!$A:$R,18,0),0))>0),"⚠️ CONFLITO! Cônjuge na mesma tribo: "&IFERROR(VLOOKUP(IFERROR(VLOOKUP(A18,'Cadastro Geral Campistas'!$A:$R,18,0),0),'Cadastro Geral Campistas'!$A:$R,2,""),""),TRIM(IF(AND(IFERROR(VLOOKUP(A18,'Cadastro Geral Campistas'!$A:$R,10,0),"")<>"",LOWER(TRIM(IFERROR(VLOOKUP(A18,'Cadastro Geral Campistas'!$A:$R,10,0),"")))<>"não",LOWER(TRIM(IFERROR(VLOOKUP(A18,'Cadastro Geral Campistas'!$A:$R,10,0),"")))<>"nao",LOWER(TRIM(IFERROR(VLOOKUP(A18,'Cadastro Geral Campistas'!$A:$R,10,0),"")))<>"0"),IFERROR(VLOOKUP(A18,'Cadastro Geral Campistas'!$A:$R,10,0),"")&IF(AND(IFERROR(VLOOKUP(A18,'Cadastro Geral Campistas'!$A:$R,15,0),"")<>"",LOWER(TRIM(IFERROR(VLOOKUP(A18,'Cadastro Geral Campistas'!$A:$R,15,0),"")))<>"não",LOWER(TRIM(IFERROR(VLOOKUP(A18,'Cadastro Geral Campistas'!$A:$R,15,0),"")))<>"nao",LOWER(TRIM(IFERROR(VLOOKUP(A18,'Cadastro Geral Campistas'!$A:$R,15,0),"")))<>"0")," | Alergia: "&IFERROR(VLOOKUP(A18,'Cadastro Geral Campistas'!$A:$R,15,0),""),""),IF(AND(IFERROR(VLOOKUP(A18,'Cadastro Geral Campistas'!$A:$R,15,0),"")<>"",LOWER(TRIM(IFERROR(VLOOKUP(A18,'Cadastro Geral Campistas'!$A:$R,15,0),"")))<>"não",LOWER(TRIM(IFERROR(VLOOKUP(A18,'Cadastro Geral Campistas'!$A:$R,15,0),"")))<>"nao",LOWER(TRIM(IFERROR(VLOOKUP(A18,'Cadastro Geral Campistas'!$A:$R,15,0),"")))<>"0"),"Alergia: "&IFERROR(VLOOKUP(A18,'Cadastro Geral Campistas'!$A:$R,15,0),""),"")))) | J18: =IFERROR(VLOOKUP(A18,'Cadastro Geral Campistas'!$A:$R,4,0),"")
A19: 63 | B19: =IFERROR(VLOOKUP(A19,'Cadastro Geral Campistas'!$A:$R,2,0),"") | C19: =IFERROR(VLOOKUP(A19,'Cadastro Geral Campistas'!$A:$R,5,0),"") | D19: =IFERROR(VLOOKUP(A19,'Cadastro Geral Campistas'!$A:$R,6,0),"") | E19: =IFERROR(VLOOKUP(A19,'Cadastro Geral Campistas'!$A:$R,7,0),"") | F19: =IFERROR(VLOOKUP(A19,'Cadastro Geral Campistas'!$A:$R,9,0),"") | G19: =IFERROR(VLOOKUP(A19,'Cadastro Geral Campistas'!$A:$R,3,0),"") | H19: =IFERROR(VLOOKUP(A19,'Cadastro Geral Campistas'!$A:$R,8,0),"") | I19: =IF(AND(IFERROR(VLOOKUP(A19,'Cadastro Geral Campistas'!$A:$R,18,0),0)>0,COUNTIF($A$9:$A$24,IFERROR(VLOOKUP(A19,'Cadastro Geral Campistas'!$A:$R,18,0),0))>0),"⚠️ CONFLITO! Cônjuge na mesma tribo: "&IFERROR(VLOOKUP(IFERROR(VLOOKUP(A19,'Cadastro Geral Campistas'!$A:$R,18,0),0),'Cadastro Geral Campistas'!$A:$R,2,""),""),TRIM(IF(AND(IFERROR(VLOOKUP(A19,'Cadastro Geral Campistas'!$A:$R,10,0),"")<>"",LOWER(TRIM(IFERROR(VLOOKUP(A19,'Cadastro Geral Campistas'!$A:$R,10,0),"")))<>"não",LOWER(TRIM(IFERROR(VLOOKUP(A19,'Cadastro Geral Campistas'!$A:$R,10,0),"")))<>"nao",LOWER(TRIM(IFERROR(VLOOKUP(A19,'Cadastro Geral Campistas'!$A:$R,10,0),"")))<>"0"),IFERROR(VLOOKUP(A19,'Cadastro Geral Campistas'!$A:$R,10,0),"")&IF(AND(IFERROR(VLOOKUP(A19,'Cadastro Geral Campistas'!$A:$R,15,0),"")<>"",LOWER(TRIM(IFERROR(VLOOKUP(A19,'Cadastro Geral Campistas'!$A:$R,15,0),"")))<>"não",LOWER(TRIM(IFERROR(VLOOKUP(A19,'Cadastro Geral Campistas'!$A:$R,15,0),"")))<>"nao",LOWER(TRIM(IFERROR(VLOOKUP(A19,'Cadastro Geral Campistas'!$A:$R,15,0),"")))<>"0")," | Alergia: "&IFERROR(VLOOKUP(A19,'Cadastro Geral Campistas'!$A:$R,15,0),""),""),IF(AND(IFERROR(VLOOKUP(A19,'Cadastro Geral Campistas'!$A:$R,15,0),"")<>"",LOWER(TRIM(IFERROR(VLOOKUP(A19,'Cadastro Geral Campistas'!$A:$R,15,0),"")))<>"não",LOWER(TRIM(IFERROR(VLOOKUP(A19,'Cadastro Geral Campistas'!$A:$R,15,0),"")))<>"nao",LOWER(TRIM(IFERROR(VLOOKUP(A19,'Cadastro Geral Campistas'!$A:$R,15,0),"")))<>"0"),"Alergia: "&IFERROR(VLOOKUP(A19,'Cadastro Geral Campistas'!$A:$R,15,0),""),"")))) | J19: =IFERROR(VLOOKUP(A19,'Cadastro Geral Campistas'!$A:$R,4,0),"")
A20: 78 | B20: =IFERROR(VLOOKUP(A20,'Cadastro Geral Campistas'!$A:$R,2,0),"") | C20: =IFERROR(VLOOKUP(A20,'Cadastro Geral Campistas'!$A:$R,5,0),"") | D20: =IFERROR(VLOOKUP(A20,'Cadastro Geral Campistas'!$A:$R,6,0),"") | E20: =IFERROR(VLOOKUP(A20,'Cadastro Geral Campistas'!$A:$R,7,0),"") | F20: =IFERROR(VLOOKUP(A20,'Cadastro Geral Campistas'!$A:$R,9,0),"") | G20: =IFERROR(VLOOKUP(A20,'Cadastro Geral Campistas'!$A:$R,3,0),"") | H20: =IFERROR(VLOOKUP(A20,'Cadastro Geral Campistas'!$A:$R,8,0),"") | I20: =IF(AND(IFERROR(VLOOKUP(A20,'Cadastro Geral Campistas'!$A:$R,18,0),0)>0,COUNTIF($A$9:$A$24,IFERROR(VLOOKUP(A20,'Cadastro Geral Campistas'!$A:$R,18,0),0))>0),"⚠️ CONFLITO! Cônjuge na mesma tribo: "&IFERROR(VLOOKUP(IFERROR(VLOOKUP(A20,'Cadastro Geral Campistas'!$A:$R,18,0),0),'Cadastro Geral Campistas'!$A:$R,2,""),""),TRIM(IF(AND(IFERROR(VLOOKUP(A20,'Cadastro Geral Campistas'!$A:$R,10,0),"")<>"",LOWER(TRIM(IFERROR(VLOOKUP(A20,'Cadastro Geral Campistas'!$A:$R,10,0),"")))<>"não",LOWER(TRIM(IFERROR(VLOOKUP(A20,'Cadastro Geral Campistas'!$A:$R,10,0),"")))<>"nao",LOWER(TRIM(IFERROR(VLOOKUP(A20,'Cadastro Geral Campistas'!$A:$R,10,0),"")))<>"0"),IFERROR(VLOOKUP(A20,'Cadastro Geral Campistas'!$A:$R,10,0),"")&IF(AND(IFERROR(VLOOKUP(A20,'Cadastro Geral Campistas'!$A:$R,15,0),"")<>"",LOWER(TRIM(IFERROR(VLOOKUP(A20,'Cadastro Geral Campistas'!$A:$R,15,0),"")))<>"não",LOWER(TRIM(IFERROR(VLOOKUP(A20,'Cadastro Geral Campistas'!$A:$R,15,0),"")))<>"nao",LOWER(TRIM(IFERROR(VLOOKUP(A20,'Cadastro Geral Campistas'!$A:$R,15,0),"")))<>"0")," | Alergia: "&IFERROR(VLOOKUP(A20,'Cadastro Geral Campistas'!$A:$R,15,0),""),""),IF(AND(IFERROR(VLOOKUP(A20,'Cadastro Geral Campistas'!$A:$R,15,0),"")<>"",LOWER(TRIM(IFERROR(VLOOKUP(A20,'Cadastro Geral Campistas'!$A:$R,15,0),"")))<>"não",LOWER(TRIM(IFERROR(VLOOKUP(A20,'Cadastro Geral Campistas'!$A:$R,15,0),"")))<>"nao",LOWER(TRIM(IFERROR(VLOOKUP(A20,'Cadastro Geral Campistas'!$A:$R,15,0),"")))<>"0"),"Alergia: "&IFERROR(VLOOKUP(A20,'Cadastro Geral Campistas'!$A:$R,15,0),""),"")))) | J20: =IFERROR(VLOOKUP(A20,'Cadastro Geral Campistas'!$A:$R,4,0),"")
... A24: 140 | B24: =IFERROR(VLOOKUP(A24,'Cadastro Geral Campistas'!$A:$R,2,0),"") | C24: =IFERROR(VLOOKUP(A24,'Cadastro Geral Campistas'!$A:$R,5,0),"") | D24: =IFERROR(VLOOKUP(A24,'Cadastro Geral Campistas'!$A:$R,6,0),"") | E24: =IFERROR(VLOOKUP(A24,'Cadastro Geral Campistas'!$A:$R,7,0),"") | F24: =IFERROR(VLOOKUP(A24,'Cadastro Geral Campistas'!$A:$R,9,0),"") | G24: =IFERROR(VLOOKUP(A24,'Cadastro Geral Campistas'!$A:$R,3,0),"") | H24: =IFERROR(VLOOKUP(A24,'Cadastro Geral Campistas'!$A:$R,8,0),"") | I24: =IF(AND(IFERROR(VLOOKUP(A24,'Cadastro Geral Campistas'!$A:$R,18,0),0)>0,COUNTIF($A$9:$A$24,IFERROR(VLOOKUP(A24,'Cadastro Geral Campistas'!$A:$R,18,0),0))>0),"⚠️ CONFLITO! Cônjuge na mesma tribo: "&IFERROR(VLOOKUP(IFERROR(VLOOKUP(A24,'Cadastro Geral Campistas'!$A:$R,18,0),0),'Cadastro Geral Campistas'!$A:$R,2,""),""),TRIM(IF(AND(IFERROR(VLOOKUP(A24,'Cadastro Geral Campistas'!$A:$R,10,0),"")<>"",LOWER(TRIM(IFERROR(VLOOKUP(A24,'Cadastro Geral Campistas'!$A:$R,10,0),"")))<>"não",LOWER(TRIM(IFERROR(VLOOKUP(A24,'Cadastro Geral Campistas'!$A:$R,10,0),"")))<>"nao",LOWER(TRIM(IFERROR(VLOOKUP(A24,'Cadastro Geral Campistas'!$A:$R,10,0),"")))<>"0"),IFERROR(VLOOKUP(A24,'Cadastro Geral Campistas'!$A:$R,10,0),"")&IF(AND(IFERROR(VLOOKUP(A24,'Cadastro Geral Campistas'!$A:$R,15,0),"")<>"",LOWER(TRIM(IFERROR(VLOOKUP(A24,'Cadastro Geral Campistas'!$A:$R,15,0),"")))<>"não",LOWER(TRIM(IFERROR(VLOOKUP(A24,'Cadastro Geral Campistas'!$A:$R,15,0),"")))<>"nao",LOWER(TRIM(IFERROR(VLOOKUP(A24,'Cadastro Geral Campistas'!$A:$R,15,0),"")))<>"0")," | Alergia: "&IFERROR(VLOOKUP(A24,'Cadastro Geral Campistas'!$A:$R,15,0),""),""),IF(AND(IFERROR(VLOOKUP(A24,'Cadastro Geral Campistas'!$A:$R,15,0),"")<>"",LOWER(TRIM(IFERROR(VLOOKUP(A24,'Cadastro Geral Campistas'!$A:$R,15,0),"")))<>"não",LOWER(TRIM(IFERROR(VLOOKUP(A24,'Cadastro Geral Campistas'!$A:$R,15,0),"")))<>"nao",LOWER(TRIM(IFERROR(VLOOKUP(A24,'Cadastro Geral Campistas'!$A:$R,15,0),"")))<>"0"),"Alergia: "&IFERROR(VLOOKUP(A24,'Cadastro Geral Campistas'!$A:$R,15,0),""),"")))) | J24: =IFERROR(VLOOKUP(A24,'Cadastro Geral Campistas'!$A:$R,4,0),"")
A25: MÉDIA>>>>>>>>> | C25: =IFERROR(ROUND(AVERAGE(C9:C24),1),"") | E25: =IFERROR(ROUND(AVERAGE(E9:E24),1),"") | I25: =COUNTIF(J9:J24,"F")&" F | "&COUNTIF(J9:J24,"M")&" M"
I26: Sequências das dinâmicas:
I27: 1 - Casa do Pai
I28: 2 - Espelho
I29: 3 - Balanço
I30: 4 - Casa de Maria
I31: 5 - Salto da Fé
I32: 6 - Cabana
I33: 7 - Casa da Misericórdia
I34: 8 - Metrô
I35: 9 - Paredão
A36: Cor: Vermelha | E36: Tribo Rubem
A39: Anjos: | G39: Anjo Guardião:
A40: Helton | G40: Hugo Kisner
A41: Josiane Fiorini
A43: Ficha ✏️ | B43: Nome | C43: Peso | D43: Alt | E43: Idade | F43: Cidade | G43: Camiseta | H43: Celular | I43: ⚠️ Alerta / Observações | J43: Sexo
A44: 24 | B44: =IFERROR(VLOOKUP(A44,'Cadastro Geral Campistas'!$A:$R,2,0),"") | C44: =IFERROR(VLOOKUP(A44,'Cadastro Geral Campistas'!$A:$R,5,0),"") | D44: =IFERROR(VLOOKUP(A44,'Cadastro Geral Campistas'!$A:$R,6,0),"") | E44: =IFERROR(VLOOKUP(A44,'Cadastro Geral Campistas'!$A:$R,7,0),"") | F44: =IFERROR(VLOOKUP(A44,'Cadastro Geral Campistas'!$A:$R,9,0),"") | G44: =IFERROR(VLOOKUP(A44,'Cadastro Geral Campistas'!$A:$R,3,0),"") | H44: =IFERROR(VLOOKUP(A44,'Cadastro Geral Campistas'!$A:$R,8,0),"") | I44: =IF(AND(IFERROR(VLOOKUP(A44,'Cadastro Geral Campistas'!$A:$R,18,0),0)>0,COUNTIF($A$44:$A$59,IFERROR(VLOOKUP(A44,'Cadastro Geral Campistas'!$A:$R,18,0),0))>0),"⚠️ CONFLITO! Cônjuge na mesma tribo: "&IFERROR(VLOOKUP(IFERROR(VLOOKUP(A44,'Cadastro Geral Campistas'!$A:$R,18,0),0),'Cadastro Geral Campistas'!$A:$R,2,""),""),TRIM(IF(AND(IFERROR(VLOOKUP(A44,'Cadastro Geral Campistas'!$A:$R,10,0),"")<>"",LOWER(TRIM(IFERROR(VLOOKUP(A44,'Cadastro Geral Campistas'!$A:$R,10,0),"")))<>"não",LOWER(TRIM(IFERROR(VLOOKUP(A44,'Cadastro Geral Campistas'!$A:$R,10,0),"")))<>"nao",LOWER(TRIM(IFERROR(VLOOKUP(A44,'Cadastro Geral Campistas'!$A:$R,10,0),"")))<>"0"),IFERROR(VLOOKUP(A44,'Cadastro Geral Campistas'!$A:$R,10,0),"")&IF(AND(IFERROR(VLOOKUP(A44,'Cadastro Geral Campistas'!$A:$R,15,0),"")<>"",LOWER(TRIM(IFERROR(VLOOKUP(A44,'Cadastro Geral Campistas'!$A:$R,15,0),"")))<>"não",LOWER(TRIM(IFERROR(VLOOKUP(A44,'Cadastro Geral Campistas'!$A:$R,15,0),"")))<>"nao",LOWER(TRIM(IFERROR(VLOOKUP(A44,'Cadastro Geral Campistas'!$A:$R,15,0),"")))<>"0")," | Alergia: "&IFERROR(VLOOKUP(A44,'Cadastro Geral Campistas'!$A:$R,15,0),""),""),IF(AND(IFERROR(VLOOKUP(A44,'Cadastro Geral Campistas'!$A:$R,15,0),"")<>"",LOWER(TRIM(IFERROR(VLOOKUP(A44,'Cadastro Geral Campistas'!$A:$R,15,0),"")))<>"não",LOWER(TRIM(IFERROR(VLOOKUP(A44,'Cadastro Geral Campistas'!$A:$R,15,0),"")))<>"nao",LOWER(TRIM(IFERROR(VLOOKUP(A44,'Cadastro Geral Campistas'!$A:$R,15,0),"")))<>"0"),"Alergia: "&IFERROR(VLOOKUP(A44,'Cadastro Geral Campistas'!$A:$R,15,0),""),"")))) | J44: =IFERROR(VLOOKUP(A44,'Cadastro Geral Campistas'!$A:$R,4,0),"")
A45: 32 | B45: =IFERROR(VLOOKUP(A45,'Cadastro Geral Campistas'!$A:$R,2,0),"") | C45: =IFERROR(VLOOKUP(A45,'Cadastro Geral Campistas'!$A:$R,5,0),"") | D45: =IFERROR(VLOOKUP(A45,'Cadastro Geral Campistas'!$A:$R,6,0),"") | E45: =IFERROR(VLOOKUP(A45,'Cadastro Geral Campistas'!$A:$R,7,0),"") | F45: =IFERROR(VLOOKUP(A45,'Cadastro Geral Campistas'!$A:$R,9,0),"") | G45: =IFERROR(VLOOKUP(A45,'Cadastro Geral Campistas'!$A:$R,3,0),"") | H45: =IFERROR(VLOOKUP(A45,'Cadastro Geral Campistas'!$A:$R,8,0),"") | I45: =IF(AND(IFERROR(VLOOKUP(A45,'Cadastro Geral Campistas'!$A:$R,18,0),0)>0,COUNTIF($A$44:$A$59,IFERROR(VLOOKUP(A45,'Cadastro Geral Campistas'!$A:$R,18,0),0))>0),"⚠️ CONFLITO! Cônjuge na mesma tribo: "&IFERROR(VLOOKUP(IFERROR(VLOOKUP(A45,'Cadastro Geral Campistas'!$A:$R,18,0),0),'Cadastro Geral Campistas'!$A:$R,2,""),""),TRIM(IF(AND(IFERROR(VLOOKUP(A45,'Cadastro Geral Campistas'!$A:$R,10,0),"")<>"",LOWER(TRIM(IFERROR(VLOOKUP(A45,'Cadastro Geral Campistas'!$A:$R,10,0),"")))<>"não",LOWER(TRIM(IFERROR(VLOOKUP(A45,'Cadastro Geral Campistas'!$A:$R,10,0),"")))<>"nao",LOWER(TRIM(IFERROR(VLOOKUP(A45,'Cadastro Geral Campistas'!$A:$R,10,0),"")))<>"0"),IFERROR(VLOOKUP(A45,'Cadastro Geral Campistas'!$A:$R,10,0),"")&IF(AND(IFERROR(VLOOKUP(A45,'Cadastro Geral Campistas'!$A:$R,15,0),"")<>"",LOWER(TRIM(IFERROR(VLOOKUP(A45,'Cadastro Geral Campistas'!$A:$R,15,0),"")))<>"não",LOWER(TRIM(IFERROR(VLOOKUP(A45,'Cadastro Geral Campistas'!$A:$R,15,0),"")))<>"nao",LOWER(TRIM(IFERROR(VLOOKUP(A45,'Cadastro Geral Campistas'!$A:$R,15,0),"")))<>"0")," | Alergia: "&IFERROR(VLOOKUP(A45,'Cadastro Geral Campistas'!$A:$R,15,0),""),""),IF(AND(IFERROR(VLOOKUP(A45,'Cadastro Geral Campistas'!$A:$R,15,0),"")<>"",LOWER(TRIM(IFERROR(VLOOKUP(A45,'Cadastro Geral Campistas'!$A:$R,15,0),"")))<>"não",LOWER(TRIM(IFERROR(VLOOKUP(A45,'Cadastro Geral Campistas'!$A:$R,15,0),"")))<>"nao",LOWER(TRIM(IFERROR(VLOOKUP(A45,'Cadastro Geral Campistas'!$A:$R,15,0),"")))<>"0"),"Alergia: "&IFERROR(VLOOKUP(A45,'Cadastro Geral Campistas'!$A:$R,15,0),""),"")))) | J45: =IFERROR(VLOOKUP(A45,'Cadastro Geral Campistas'!$A:$R,4,0),"")
A46: 43 | B46: =IFERROR(VLOOKUP(A46,'Cadastro Geral Campistas'!$A:$R,2,0),"") | C46: =IFERROR(VLOOKUP(A46,'Cadastro Geral Campistas'!$A:$R,5,0),"") | D46: =IFERROR(VLOOKUP(A46,'Cadastro Geral Campistas'!$A:$R,6,0),"") | E46: =IFERROR(VLOOKUP(A46,'Cadastro Geral Campistas'!$A:$R,7,0),"") | F46: =IFERROR(VLOOKUP(A46,'Cadastro Geral Campistas'!$A:$R,9,0),"") | G46: =IFERROR(VLOOKUP(A46,'Cadastro Geral Campistas'!$A:$R,3,0),"") | H46: =IFERROR(VLOOKUP(A46,'Cadastro Geral Campistas'!$A:$R,8,0),"") | I46: =IF(AND(IFERROR(VLOOKUP(A46,'Cadastro Geral Campistas'!$A:$R,18,0),0)>0,COUNTIF($A$44:$A$59,IFERROR(VLOOKUP(A46,'Cadastro Geral Campistas'!$A:$R,18,0),0))>0),"⚠️ CONFLITO! Cônjuge na mesma tribo: "&IFERROR(VLOOKUP(IFERROR(VLOOKUP(A46,'Cadastro Geral Campistas'!$A:$R,18,0),0),'Cadastro Geral Campistas'!$A:$R,2,""),""),TRIM(IF(AND(IFERROR(VLOOKUP(A46,'Cadastro Geral Campistas'!$A:$R,10,0),"")<>"",LOWER(TRIM(IFERROR(VLOOKUP(A46,'Cadastro Geral Campistas'!$A:$R,10,0),"")))<>"não",LOWER(TRIM(IFERROR(VLOOKUP(A46,'Cadastro Geral Campistas'!$A:$R,10,0),"")))<>"nao",LOWER(TRIM(IFERROR(VLOOKUP(A46,'Cadastro Geral Campistas'!$A:$R,10,0),"")))<>"0"),IFERROR(VLOOKUP(A46,'Cadastro Geral Campistas'!$A:$R,10,0),"")&IF(AND(IFERROR(VLOOKUP(A46,'Cadastro Geral Campistas'!$A:$R,15,0),"")<>"",LOWER(TRIM(IFERROR(VLOOKUP(A46,'Cadastro Geral Campistas'!$A:$R,15,0),"")))<>"não",LOWER(TRIM(IFERROR(VLOOKUP(A46,'Cadastro Geral Campistas'!$A:$R,15,0),"")))<>"nao",LOWER(TRIM(IFERROR(VLOOKUP(A46,'Cadastro Geral Campistas'!$A:$R,15,0),"")))<>"0")," | Alergia: "&IFERROR(VLOOKUP(A46,'Cadastro Geral Campistas'!$A:$R,15,0),""),""),IF(AND(IFERROR(VLOOKUP(A46,'Cadastro Geral Campistas'!$A:$R,15,0),"")<>"",LOWER(TRIM(IFERROR(VLOOKUP(A46,'Cadastro Geral Campistas'!$A:$R,15,0),"")))<>"não",LOWER(TRIM(IFERROR(VLOOKUP(A46,'Cadastro Geral Campistas'!$A:$R,15,0),"")))<>"nao",LOWER(TRIM(IFERROR(VLOOKUP(A46,'Cadastro Geral Campistas'!$A:$R,15,0),"")))<>"0"),"Alergia: "&IFERROR(VLOOKUP(A46,'Cadastro Geral Campistas'!$A:$R,15,0),""),"")))) | J46: =IFERROR(VLOOKUP(A46,'Cadastro Geral Campistas'!$A:$R,4,0),"")
A47: 73 | B47: =IFERROR(VLOOKUP(A47,'Cadastro Geral Campistas'!$A:$R,2,0),"") | C47: =IFERROR(VLOOKUP(A47,'Cadastro Geral Campistas'!$A:$R,5,0),"") | D47: =IFERROR(VLOOKUP(A47,'Cadastro Geral Campistas'!$A:$R,6,0),"") | E47: =IFERROR(VLOOKUP(A47,'Cadastro Geral Campistas'!$A:$R,7,0),"") | F47: =IFERROR(VLOOKUP(A47,'Cadastro Geral Campistas'!$A:$R,9,0),"") | G47: =IFERROR(VLOOKUP(A47,'Cadastro Geral Campistas'!$A:$R,3,0),"") | H47: =IFERROR(VLOOKUP(A47,'Cadastro Geral Campistas'!$A:$R,8,0),"") | I47: =IF(AND(IFERROR(VLOOKUP(A47,'Cadastro Geral Campistas'!$A:$R,18,0),0)>0,COUNTIF($A$44:$A$59,IFERROR(VLOOKUP(A47,'Cadastro Geral Campistas'!$A:$R,18,0),0))>0),"⚠️ CONFLITO! Cônjuge na mesma tribo: "&IFERROR(VLOOKUP(IFERROR(VLOOKUP(A47,'Cadastro Geral Campistas'!$A:$R,18,0),0),'Cadastro Geral Campistas'!$A:$R,2,""),""),TRIM(IF(AND(IFERROR(VLOOKUP(A47,'Cadastro Geral Campistas'!$A:$R,10,0),"")<>"",LOWER(TRIM(IFERROR(VLOOKUP(A47,'Cadastro Geral Campistas'!$A:$R,10,0),"")))<>"não",LOWER(TRIM(IFERROR(VLOOKUP(A47,'Cadastro Geral Campistas'!$A:$R,10,0),"")))<>"nao",LOWER(TRIM(IFERROR(VLOOKUP(A47,'Cadastro Geral Campistas'!$A:$R,10,0),"")))<>"0"),IFERROR(VLOOKUP(A47,'Cadastro Geral Campistas'!$A:$R,10,0),"")&IF(AND(IFERROR(VLOOKUP(A47,'Cadastro Geral Campistas'!$A:$R,15,0),"")<>"",LOWER(TRIM(IFERROR(VLOOKUP(A47,'Cadastro Geral Campistas'!$A:$R,15,0),"")))<>"não",LOWER(TRIM(IFERROR(VLOOKUP(A47,'Cadastro Geral Campistas'!$A:$R,15,0),"")))<>"nao",LOWER(TRIM(IFERROR(VLOOKUP(A47,'Cadastro Geral Campistas'!$A:$R,15,0),"")))<>"0")," | Alergia: "&IFERROR(VLOOKUP(A47,'Cadastro Geral Campistas'!$A:$R,15,0),""),""),IF(AND(IFERROR(VLOOKUP(A47,'Cadastro Geral Campistas'!$A:$R,15,0),"")<>"",LOWER(TRIM(IFERROR(VLOOKUP(A47,'Cadastro Geral Campistas'!$A:$R,15,0),"")))<>"não",LOWER(TRIM(IFERROR(VLOOKUP(A47,'Cadastro Geral Campistas'!$A:$R,15,0),"")))<>"nao",LOWER(TRIM(IFERROR(VLOOKUP(A47,'Cadastro Geral Campistas'!$A:$R,15,0),"")))<>"0"),"Alergia: "&IFERROR(VLOOKUP(A47,'Cadastro Geral Campistas'!$A:$R,15,0),""),"")))) | J47: =IFERROR(VLOOKUP(A47,'Cadastro Geral Campistas'!$A:$R,4,0),"")
A48: 76 | B48: =IFERROR(VLOOKUP(A48,'Cadastro Geral Campistas'!$A:$R,2,0),"") | C48: =IFERROR(VLOOKUP(A48,'Cadastro Geral Campistas'!$A:$R,5,0),"") | D48: =IFERROR(VLOOKUP(A48,'Cadastro Geral Campistas'!$A:$R,6,0),"") | E48: =IFERROR(VLOOKUP(A48,'Cadastro Geral Campistas'!$A:$R,7,0),"") | F48: =IFERROR(VLOOKUP(A48,'Cadastro Geral Campistas'!$A:$R,9,0),"") | G48: =IFERROR(VLOOKUP(A48,'Cadastro Geral Campistas'!$A:$R,3,0),"") | H48: =IFERROR(VLOOKUP(A48,'Cadastro Geral Campistas'!$A:$R,8,0),"") | I48: =IF(AND(IFERROR(VLOOKUP(A48,'Cadastro Geral Campistas'!$A:$R,18,0),0)>0,COUNTIF($A$44:$A$59,IFERROR(VLOOKUP(A48,'Cadastro Geral Campistas'!$A:$R,18,0),0))>0),"⚠️ CONFLITO! Cônjuge na mesma tribo: "&IFERROR(VLOOKUP(IFERROR(VLOOKUP(A48,'Cadastro Geral Campistas'!$A:$R,18,0),0),'Cadastro Geral Campistas'!$A:$R,2,""),""),TRIM(IF(AND(IFERROR(VLOOKUP(A48,'Cadastro Geral Campistas'!$A:$R,10,0),"")<>"",LOWER(TRIM(IFERROR(VLOOKUP(A48,'Cadastro Geral Campistas'!$A:$R,10,0),"")))<>"não",LOWER(TRIM(IFERROR(VLOOKUP(A48,'Cadastro Geral Campistas'!$A:$R,10,0),"")))<>"nao",LOWER(TRIM(IFERROR(VLOOKUP(A48,'Cadastro Geral Campistas'!$A:$R,10,0),"")))<>"0"),IFERROR(VLOOKUP(A48,'Cadastro Geral Campistas'!$A:$R,10,0),"")&IF(AND(IFERROR(VLOOKUP(A48,'Cadastro Geral Campistas'!$A:$R,15,0),"")<>"",LOWER(TRIM(IFERROR(VLOOKUP(A48,'Cadastro Geral Campistas'!$A:$R,15,0),"")))<>"não",LOWER(TRIM(IFERROR(VLOOKUP(A48,'Cadastro Geral Campistas'!$A:$R,15,0),"")))<>"nao",LOWER(TRIM(IFERROR(VLOOKUP(A48,'Cadastro Geral Campistas'!$A:$R,15,0),"")))<>"0")," | Alergia: "&IFERROR(VLOOKUP(A48,'Cadastro Geral Campistas'!$A:$R,15,0),""),""),IF(AND(IFERROR(VLOOKUP(A48,'Cadastro Geral Campistas'!$A:$R,15,0),"")<>"",LOWER(TRIM(IFERROR(VLOOKUP(A48,'Cadastro Geral Campistas'!$A:$R,15,0),"")))<>"não",LOWER(TRIM(IFERROR(VLOOKUP(A48,'Cadastro Geral Campistas'!$A:$R,15,0),"")))<>"nao",LOWER(TRIM(IFERROR(VLOOKUP(A48,'Cadastro Geral Campistas'!$A:$R,15,0),"")))<>"0"),"Alergia: "&IFERROR(VLOOKUP(A48,'Cadastro Geral Campistas'!$A:$R,15,0),""),"")))) | J48: =IFERROR(VLOOKUP(A48,'Cadastro Geral Campistas'!$A:$R,4,0),"")
A49: 80 | B49: =IFERROR(VLOOKUP(A49,'Cadastro Geral Campistas'!$A:$R,2,0),"") | C49: =IFERROR(VLOOKUP(A49,'Cadastro Geral Campistas'!$A:$R,5,0),"") | D49: =IFERROR(VLOOKUP(A49,'Cadastro Geral Campistas'!$A:$R,6,0),"") | E49: =IFERROR(VLOOKUP(A49,'Cadastro Geral Campistas'!$A:$R,7,0),"") | F49: =IFERROR(VLOOKUP(A49,'Cadastro Geral Campistas'!$A:$R,9,0),"") | G49: =IFERROR(VLOOKUP(A49,'Cadastro Geral Campistas'!$A:$R,3,0),"") | H49: =IFERROR(VLOOKUP(A49,'Cadastro Geral Campistas'!$A:$R,8,0),"") | I49: =IF(AND(IFERROR(VLOOKUP(A49,'Cadastro Geral Campistas'!$A:$R,18,0),0)>0,COUNTIF($A$44:$A$59,IFERROR(VLOOKUP(A49,'Cadastro Geral Campistas'!$A:$R,18,0),0))>0),"⚠️ CONFLITO! Cônjuge na mesma tribo: "&IFERROR(VLOOKUP(IFERROR(VLOOKUP(A49,'Cadastro Geral Campistas'!$A:$R,18,0),0),'Cadastro Geral Campistas'!$A:$R,2,""),""),TRIM(IF(AND(IFERROR(VLOOKUP(A49,'Cadastro Geral Campistas'!$A:$R,10,0),"")<>"",LOWER(TRIM(IFERROR(VLOOKUP(A49,'Cadastro Geral Campistas'!$A:$R,10,0),"")))<>"não",LOWER(TRIM(IFERROR(VLOOKUP(A49,'Cadastro Geral Campistas'!$A:$R,10,0),"")))<>"nao",LOWER(TRIM(IFERROR(VLOOKUP(A49,'Cadastro Geral Campistas'!$A:$R,10,0),"")))<>"0"),IFERROR(VLOOKUP(A49,'Cadastro Geral Campistas'!$A:$R,10,0),"")&IF(AND(IFERROR(VLOOKUP(A49,'Cadastro Geral Campistas'!$A:$R,15,0),"")<>"",LOWER(TRIM(IFERROR(VLOOKUP(A49,'Cadastro Geral Campistas'!$A:$R,15,0),"")))<>"não",LOWER(TRIM(IFERROR(VLOOKUP(A49,'Cadastro Geral Campistas'!$A:$R,15,0),"")))<>"nao",LOWER(TRIM(IFERROR(VLOOKUP(A49,'Cadastro Geral Campistas'!$A:$R,15,0),"")))<>"0")," | Alergia: "&IFERROR(VLOOKUP(A49,'Cadastro Geral Campistas'!$A:$R,15,0),""),""),IF(AND(IFERROR(VLOOKUP(A49,'Cadastro Geral Campistas'!$A:$R,15,0),"")<>"",LOWER(TRIM(IFERROR(VLOOKUP(A49,'Cadastro Geral Campistas'!$A:$R,15,0),"")))<>"não",LOWER(TRIM(IFERROR(VLOOKUP(A49,'Cadastro Geral Campistas'!$A:$R,15,0),"")))<>"nao",LOWER(TRIM(IFERROR(VLOOKUP(A49,'Cadastro Geral Campistas'!$A:$R,15,0),"")))<>"0"),"Alergia: "&IFERROR(VLOOKUP(A49,'Cadastro Geral Campistas'!$A:$R,15,0),""),"")))) | J49: =IFERROR(VLOOKUP(A49,'Cadastro Geral Campistas'!$A:$R,4,0),"")
A50: 104 | B50: =IFERROR(VLOOKUP(A50,'Cadastro Geral Campistas'!$A:$R,2,0),"") | C50: =IFERROR(VLOOKUP(A50,'Cadastro Geral Campistas'!$A:$R,5,0),"") | D50: =IFERROR(VLOOKUP(A50,'Cadastro Geral Campistas'!$A:$R,6,0),"") | E50: =IFERROR(VLOOKUP(A50,'Cadastro Geral Campistas'!$A:$R,7,0),"") | F50: =IFERROR(VLOOKUP(A50,'Cadastro Geral Campistas'!$A:$R,9,0),"") | G50: =IFERROR(VLOOKUP(A50,'Cadastro Geral Campistas'!$A:$R,3,0),"") | H50: =IFERROR(VLOOKUP(A50,'Cadastro Geral Campistas'!$A:$R,8,0),"") | I50: =IF(AND(IFERROR(VLOOKUP(A50,'Cadastro Geral Campistas'!$A:$R,18,0),0)>0,COUNTIF($A$44:$A$59,IFERROR(VLOOKUP(A50,'Cadastro Geral Campistas'!$A:$R,18,0),0))>0),"⚠️ CONFLITO! Cônjuge na mesma tribo: "&IFERROR(VLOOKUP(IFERROR(VLOOKUP(A50,'Cadastro Geral Campistas'!$A:$R,18,0),0),'Cadastro Geral Campistas'!$A:$R,2,""),""),TRIM(IF(AND(IFERROR(VLOOKUP(A50,'Cadastro Geral Campistas'!$A:$R,10,0),"")<>"",LOWER(TRIM(IFERROR(VLOOKUP(A50,'Cadastro Geral Campistas'!$A:$R,10,0),"")))<>"não",LOWER(TRIM(IFERROR(VLOOKUP(A50,'Cadastro Geral Campistas'!$A:$R,10,0),"")))<>"nao",LOWER(TRIM(IFERROR(VLOOKUP(A50,'Cadastro Geral Campistas'!$A:$R,10,0),"")))<>"0"),IFERROR(VLOOKUP(A50,'Cadastro Geral Campistas'!$A:$R,10,0),"")&IF(AND(IFERROR(VLOOKUP(A50,'Cadastro Geral Campistas'!$A:$R,15,0),"")<>"",LOWER(TRIM(IFERROR(VLOOKUP(A50,'Cadastro Geral Campistas'!$A:$R,15,0),"")))<>"não",LOWER(TRIM(IFERROR(VLOOKUP(A50,'Cadastro Geral Campistas'!$A:$R,15,0),"")))<>"nao",LOWER(TRIM(IFERROR(VLOOKUP(A50,'Cadastro Geral Campistas'!$A:$R,15,0),"")))<>"0")," | Alergia: "&IFERROR(VLOOKUP(A50,'Cadastro Geral Campistas'!$A:$R,15,0),""),""),IF(AND(IFERROR(VLOOKUP(A50,'Cadastro Geral Campistas'!$A:$R,15,0),"")<>"",LOWER(TRIM(IFERROR(VLOOKUP(A50,'Cadastro Geral Campistas'!$A:$R,15,0),"")))<>"não",LOWER(TRIM(IFERROR(VLOOKUP(A50,'Cadastro Geral Campistas'!$A:$R,15,0),"")))<>"nao",LOWER(TRIM(IFERROR(VLOOKUP(A50,'Cadastro Geral Campistas'!$A:$R,15,0),"")))<>"0"),"Alergia: "&IFERROR(VLOOKUP(A50,'Cadastro Geral Campistas'!$A:$R,15,0),""),"")))) | J50: =IFERROR(VLOOKUP(A50,'Cadastro Geral Campistas'!$A:$R,4,0),"")
A51: 109 | B51: =IFERROR(VLOOKUP(A51,'Cadastro Geral Campistas'!$A:$R,2,0),"") | C51: =IFERROR(VLOOKUP(A51,'Cadastro Geral Campistas'!$A:$R,5,0),"") | D51: =IFERROR(VLOOKUP(A51,'Cadastro Geral Campistas'!$A:$R,6,0),"") | E51: =IFERROR(VLOOKUP(A51,'Cadastro Geral Campistas'!$A:$R,7,0),"") | F51: =IFERROR(VLOOKUP(A51,'Cadastro Geral Campistas'!$A:$R,9,0),"") | G51: =IFERROR(VLOOKUP(A51,'Cadastro Geral Campistas'!$A:$R,3,0),"") | H51: =IFERROR(VLOOKUP(A51,'Cadastro Geral Campistas'!$A:$R,8,0),"") | I51: =IF(AND(IFERROR(VLOOKUP(A51,'Cadastro Geral Campistas'!$A:$R,18,0),0)>0,COUNTIF($A$44:$A$59,IFERROR(VLOOKUP(A51,'Cadastro Geral Campistas'!$A:$R,18,0),0))>0),"⚠️ CONFLITO! Cônjuge na mesma tribo: "&IFERROR(VLOOKUP(IFERROR(VLOOKUP(A51,'Cadastro Geral Campistas'!$A:$R,18,0),0),'Cadastro Geral Campistas'!$A:$R,2,""),""),TRIM(IF(AND(IFERROR(VLOOKUP(A51,'Cadastro Geral Campistas'!$A:$R,10,0),"")<>"",LOWER(TRIM(IFERROR(VLOOKUP(A51,'Cadastro Geral Campistas'!$A:$R,10,0),"")))<>"não",LOWER(TRIM(IFERROR(VLOOKUP(A51,'Cadastro Geral Campistas'!$A:$R,10,0),"")))<>"nao",LOWER(TRIM(IFERROR(VLOOKUP(A51,'Cadastro Geral Campistas'!$A:$R,10,0),"")))<>"0"),IFERROR(VLOOKUP(A51,'Cadastro Geral Campistas'!$A:$R,10,0),"")&IF(AND(IFERROR(VLOOKUP(A51,'Cadastro Geral Campistas'!$A:$R,15,0),"")<>"",LOWER(TRIM(IFERROR(VLOOKUP(A51,'Cadastro Geral Campistas'!$A:$R,15,0),"")))<>"não",LOWER(TRIM(IFERROR(VLOOKUP(A51,'Cadastro Geral Campistas'!$A:$R,15,0),"")))<>"nao",LOWER(TRIM(IFERROR(VLOOKUP(A51,'Cadastro Geral Campistas'!$A:$R,15,0),"")))<>"0")," | Alergia: "&IFERROR(VLOOKUP(A51,'Cadastro Geral Campistas'!$A:$R,15,0),""),""),IF(AND(IFERROR(VLOOKUP(A51,'Cadastro Geral Campistas'!$A:$R,15,0),"")<>"",LOWER(TRIM(IFERROR(VLOOKUP(A51,'Cadastro Geral Campistas'!$A:$R,15,0),"")))<>"não",LOWER(TRIM(IFERROR(VLOOKUP(A51,'Cadastro Geral Campistas'!$A:$R,15,0),"")))<>"nao",LOWER(TRIM(IFERROR(VLOOKUP(A51,'Cadastro Geral Campistas'!$A:$R,15,0),"")))<>"0"),"Alergia: "&IFERROR(VLOOKUP(A51,'Cadastro Geral Campistas'!$A:$R,15,0),""),"")))) | J51: =IFERROR(VLOOKUP(A51,'Cadastro Geral Campistas'!$A:$R,4,0),"")
A52: 2 | B52: =IFERROR(VLOOKUP(A52,'Cadastro Geral Campistas'!$A:$R,2,0),"") | C52: =IFERROR(VLOOKUP(A52,'Cadastro Geral Campistas'!$A:$R,5,0),"") | D52: =IFERROR(VLOOKUP(A52,'Cadastro Geral Campistas'!$A:$R,6,0),"") | E52: =IFERROR(VLOOKUP(A52,'Cadastro Geral Campistas'!$A:$R,7,0),"") | F52: =IFERROR(VLOOKUP(A52,'Cadastro Geral Campistas'!$A:$R,9,0),"") | G52: =IFERROR(VLOOKUP(A52,'Cadastro Geral Campistas'!$A:$R,3,0),"") | H52: =IFERROR(VLOOKUP(A52,'Cadastro Geral Campistas'!$A:$R,8,0),"") | I52: =IF(AND(IFERROR(VLOOKUP(A52,'Cadastro Geral Campistas'!$A:$R,18,0),0)>0,COUNTIF($A$44:$A$59,IFERROR(VLOOKUP(A52,'Cadastro Geral Campistas'!$A:$R,18,0),0))>0),"⚠️ CONFLITO! Cônjuge na mesma tribo: "&IFERROR(VLOOKUP(IFERROR(VLOOKUP(A52,'Cadastro Geral Campistas'!$A:$R,18,0),0),'Cadastro Geral Campistas'!$A:$R,2,""),""),TRIM(IF(AND(IFERROR(VLOOKUP(A52,'Cadastro Geral Campistas'!$A:$R,10,0),"")<>"",LOWER(TRIM(IFERROR(VLOOKUP(A52,'Cadastro Geral Campistas'!$A:$R,10,0),"")))<>"não",LOWER(TRIM(IFERROR(VLOOKUP(A52,'Cadastro Geral Campistas'!$A:$R,10,0),"")))<>"nao",LOWER(TRIM(IFERROR(VLOOKUP(A52,'Cadastro Geral Campistas'!$A:$R,10,0),"")))<>"0"),IFERROR(VLOOKUP(A52,'Cadastro Geral Campistas'!$A:$R,10,0),"")&IF(AND(IFERROR(VLOOKUP(A52,'Cadastro Geral Campistas'!$A:$R,15,0),"")<>"",LOWER(TRIM(IFERROR(VLOOKUP(A52,'Cadastro Geral Campistas'!$A:$R,15,0),"")))<>"não",LOWER(TRIM(IFERROR(VLOOKUP(A52,'Cadastro Geral Campistas'!$A:$R,15,0),"")))<>"nao",LOWER(TRIM(IFERROR(VLOOKUP(A52,'Cadastro Geral Campistas'!$A:$R,15,0),"")))<>"0")," | Alergia: "&IFERROR(VLOOKUP(A52,'Cadastro Geral Campistas'!$A:$R,15,0),""),""),IF(AND(IFERROR(VLOOKUP(A52,'Cadastro Geral Campistas'!$A:$R,15,0),"")<>"",LOWER(TRIM(IFERROR(VLOOKUP(A52,'Cadastro Geral Campistas'!$A:$R,15,0),"")))<>"não",LOWER(TRIM(IFERROR(VLOOKUP(A52,'Cadastro Geral Campistas'!$A:$R,15,0),"")))<>"nao",LOWER(TRIM(IFERROR(VLOOKUP(A52,'Cadastro Geral Campistas'!$A:$R,15,0),"")))<>"0"),"Alergia: "&IFERROR(VLOOKUP(A52,'Cadastro Geral Campistas'!$A:$R,15,0),""),"")))) | J52: =IFERROR(VLOOKUP(A52,'Cadastro Geral Campistas'!$A:$R,4,0),"")
A53: 22 | B53: =IFERROR(VLOOKUP(A53,'Cadastro Geral Campistas'!$A:$R,2,0),"") | C53: =IFERROR(VLOOKUP(A53,'Cadastro Geral Campistas'!$A:$R,5,0),"") | D53: =IFERROR(VLOOKUP(A53,'Cadastro Geral Campistas'!$A:$R,6,0),"") | E53: =IFERROR(VLOOKUP(A53,'Cadastro Geral Campistas'!$A:$R,7,0),"") | F53: =IFERROR(VLOOKUP(A53,'Cadastro Geral Campistas'!$A:$R,9,0),"") | G53: =IFERROR(VLOOKUP(A53,'Cadastro Geral Campistas'!$A:$R,3,0),"") | H53: =IFERROR(VLOOKUP(A53,'Cadastro Geral Campistas'!$A:$R,8,0),"") | I53: =IF(AND(IFERROR(VLOOKUP(A53,'Cadastro Geral Campistas'!$A:$R,18,0),0)>0,COUNTIF($A$44:$A$59,IFERROR(VLOOKUP(A53,'Cadastro Geral Campistas'!$A:$R,18,0),0))>0),"⚠️ CONFLITO! Cônjuge na mesma tribo: "&IFERROR(VLOOKUP(IFERROR(VLOOKUP(A53,'Cadastro Geral Campistas'!$A:$R,18,0),0),'Cadastro Geral Campistas'!$A:$R,2,""),""),TRIM(IF(AND(IFERROR(VLOOKUP(A53,'Cadastro Geral Campistas'!$A:$R,10,0),"")<>"",LOWER(TRIM(IFERROR(VLOOKUP(A53,'Cadastro Geral Campistas'!$A:$R,10,0),"")))<>"não",LOWER(TRIM(IFERROR(VLOOKUP(A53,'Cadastro Geral Campistas'!$A:$R,10,0),"")))<>"nao",LOWER(TRIM(IFERROR(VLOOKUP(A53,'Cadastro Geral Campistas'!$A:$R,10,0),"")))<>"0"),IFERROR(VLOOKUP(A53,'Cadastro Geral Campistas'!$A:$R,10,0),"")&IF(AND(IFERROR(VLOOKUP(A53,'Cadastro Geral Campistas'!$A:$R,15,0),"")<>"",LOWER(TRIM(IFERROR(VLOOKUP(A53,'Cadastro Geral Campistas'!$A:$R,15,0),"")))<>"não",LOWER(TRIM(IFERROR(VLOOKUP(A53,'Cadastro Geral Campistas'!$A:$R,15,0),"")))<>"nao",LOWER(TRIM(IFERROR(VLOOKUP(A53,'Cadastro Geral Campistas'!$A:$R,15,0),"")))<>"0")," | Alergia: "&IFERROR(VLOOKUP(A53,'Cadastro Geral Campistas'!$A:$R,15,0),""),""),IF(AND(IFERROR(VLOOKUP(A53,'Cadastro Geral Campistas'!$A:$R,15,0),"")<>"",LOWER(TRIM(IFERROR(VLOOKUP(A53,'Cadastro Geral Campistas'!$A:$R,15,0),"")))<>"não",LOWER(TRIM(IFERROR(VLOOKUP(A53,'Cadastro Geral Campistas'!$A:$R,15,0),"")))<>"nao",LOWER(TRIM(IFERROR(VLOOKUP(A53,'Cadastro Geral Campistas'!$A:$R,15,0),"")))<>"0"),"Alergia: "&IFERROR(VLOOKUP(A53,'Cadastro Geral Campistas'!$A:$R,15,0),""),"")))) | J53: =IFERROR(VLOOKUP(A53,'Cadastro Geral Campistas'!$A:$R,4,0),"")
A54: 36 | B54: =IFERROR(VLOOKUP(A54,'Cadastro Geral Campistas'!$A:$R,2,0),"") | C54: =IFERROR(VLOOKUP(A54,'Cadastro Geral Campistas'!$A:$R,5,0),"") | D54: =IFERROR(VLOOKUP(A54,'Cadastro Geral Campistas'!$A:$R,6,0),"") | E54: =IFERROR(VLOOKUP(A54,'Cadastro Geral Campistas'!$A:$R,7,0),"") | F54: =IFERROR(VLOOKUP(A54,'Cadastro Geral Campistas'!$A:$R,9,0),"") | G54: =IFERROR(VLOOKUP(A54,'Cadastro Geral Campistas'!$A:$R,3,0),"") | H54: =IFERROR(VLOOKUP(A54,'Cadastro Geral Campistas'!$A:$R,8,0),"") | I54: =IF(AND(IFERROR(VLOOKUP(A54,'Cadastro Geral Campistas'!$A:$R,18,0),0)>0,COUNTIF($A$44:$A$59,IFERROR(VLOOKUP(A54,'Cadastro Geral Campistas'!$A:$R,18,0),0))>0),"⚠️ CONFLITO! Cônjuge na mesma tribo: "&IFERROR(VLOOKUP(IFERROR(VLOOKUP(A54,'Cadastro Geral Campistas'!$A:$R,18,0),0),'Cadastro Geral Campistas'!$A:$R,2,""),""),TRIM(IF(AND(IFERROR(VLOOKUP(A54,'Cadastro Geral Campistas'!$A:$R,10,0),"")<>"",LOWER(TRIM(IFERROR(VLOOKUP(A54,'Cadastro Geral Campistas'!$A:$R,10,0),"")))<>"não",LOWER(TRIM(IFERROR(VLOOKUP(A54,'Cadastro Geral Campistas'!$A:$R,10,0),"")))<>"nao",LOWER(TRIM(IFERROR(VLOOKUP(A54,'Cadastro Geral Campistas'!$A:$R,10,0),"")))<>"0"),IFERROR(VLOOKUP(A54,'Cadastro Geral Campistas'!$A:$R,10,0),"")&IF(AND(IFERROR(VLOOKUP(A54,'Cadastro Geral Campistas'!$A:$R,15,0),"")<>"",LOWER(TRIM(IFERROR(VLOOKUP(A54,'Cadastro Geral Campistas'!$A:$R,15,0),"")))<>"não",LOWER(TRIM(IFERROR(VLOOKUP(A54,'Cadastro Geral Campistas'!$A:$R,15,0),"")))<>"nao",LOWER(TRIM(IFERROR(VLOOKUP(A54,'Cadastro Geral Campistas'!$A:$R,15,0),"")))<>"0")," | Alergia: "&IFERROR(VLOOKUP(A54,'Cadastro Geral Campistas'!$A:$R,15,0),""),""),IF(AND(IFERROR(VLOOKUP(A54,'Cadastro Geral Campistas'!$A:$R,15,0),"")<>"",LOWER(TRIM(IFERROR(VLOOKUP(A54,'Cadastro Geral Campistas'!$A:$R,15,0),"")))<>"não",LOWER(TRIM(IFERROR(VLOOKUP(A54,'Cadastro Geral Campistas'!$A:$R,15,0),"")))<>"nao",LOWER(TRIM(IFERROR(VLOOKUP(A54,'Cadastro Geral Campistas'!$A:$R,15,0),"")))<>"0"),"Alergia: "&IFERROR(VLOOKUP(A54,'Cadastro Geral Campistas'!$A:$R,15,0),""),"")))) | J54: =IFERROR(VLOOKUP(A54,'Cadastro Geral Campistas'!$A:$R,4,0),"")
A55: 44 | B55: =IFERROR(VLOOKUP(A55,'Cadastro Geral Campistas'!$A:$R,2,0),"") | C55: =IFERROR(VLOOKUP(A55,'Cadastro Geral Campistas'!$A:$R,5,0),"") | D55: =IFERROR(VLOOKUP(A55,'Cadastro Geral Campistas'!$A:$R,6,0),"") | E55: =IFERROR(VLOOKUP(A55,'Cadastro Geral Campistas'!$A:$R,7,0),"") | F55: =IFERROR(VLOOKUP(A55,'Cadastro Geral Campistas'!$A:$R,9,0),"") | G55: =IFERROR(VLOOKUP(A55,'Cadastro Geral Campistas'!$A:$R,3,0),"") | H55: =IFERROR(VLOOKUP(A55,'Cadastro Geral Campistas'!$A:$R,8,0),"") | I55: =IF(AND(IFERROR(VLOOKUP(A55,'Cadastro Geral Campistas'!$A:$R,18,0),0)>0,COUNTIF($A$44:$A$59,IFERROR(VLOOKUP(A55,'Cadastro Geral Campistas'!$A:$R,18,0),0))>0),"⚠️ CONFLITO! Cônjuge na mesma tribo: "&IFERROR(VLOOKUP(IFERROR(VLOOKUP(A55,'Cadastro Geral Campistas'!$A:$R,18,0),0),'Cadastro Geral Campistas'!$A:$R,2,""),""),TRIM(IF(AND(IFERROR(VLOOKUP(A55,'Cadastro Geral Campistas'!$A:$R,10,0),"")<>"",LOWER(TRIM(IFERROR(VLOOKUP(A55,'Cadastro Geral Campistas'!$A:$R,10,0),"")))<>"não",LOWER(TRIM(IFERROR(VLOOKUP(A55,'Cadastro Geral Campistas'!$A:$R,10,0),"")))<>"nao",LOWER(TRIM(IFERROR(VLOOKUP(A55,'Cadastro Geral Campistas'!$A:$R,10,0),"")))<>"0"),IFERROR(VLOOKUP(A55,'Cadastro Geral Campistas'!$A:$R,10,0),"")&IF(AND(IFERROR(VLOOKUP(A55,'Cadastro Geral Campistas'!$A:$R,15,0),"")<>"",LOWER(TRIM(IFERROR(VLOOKUP(A55,'Cadastro Geral Campistas'!$A:$R,15,0),"")))<>"não",LOWER(TRIM(IFERROR(VLOOKUP(A55,'Cadastro Geral Campistas'!$A:$R,15,0),"")))<>"nao",LOWER(TRIM(IFERROR(VLOOKUP(A55,'Cadastro Geral Campistas'!$A:$R,15,0),"")))<>"0")," | Alergia: "&IFERROR(VLOOKUP(A55,'Cadastro Geral Campistas'!$A:$R,15,0),""),""),IF(AND(IFERROR(VLOOKUP(A55,'Cadastro Geral Campistas'!$A:$R,15,0),"")<>"",LOWER(TRIM(IFERROR(VLOOKUP(A55,'Cadastro Geral Campistas'!$A:$R,15,0),"")))<>"não",LOWER(TRIM(IFERROR(VLOOKUP(A55,'Cadastro Geral Campistas'!$A:$R,15,0),"")))<>"nao",LOWER(TRIM(IFERROR(VLOOKUP(A55,'Cadastro Geral Campistas'!$A:$R,15,0),"")))<>"0"),"Alergia: "&IFERROR(VLOOKUP(A55,'Cadastro Geral Campistas'!$A:$R,15,0),""),"")))) | J55: =IFERROR(VLOOKUP(A55,'Cadastro Geral Campistas'!$A:$R,4,0),"")
... A59: 111 | B59: =IFERROR(VLOOKUP(A59,'Cadastro Geral Campistas'!$A:$R,2,0),"") | C59: =IFERROR(VLOOKUP(A59,'Cadastro Geral Campistas'!$A:$R,5,0),"") | D59: =IFERROR(VLOOKUP(A59,'Cadastro Geral Campistas'!$A:$R,6,0),"") | E59: =IFERROR(VLOOKUP(A59,'Cadastro Geral Campistas'!$A:$R,7,0),"") | F59: =IFERROR(VLOOKUP(A59,'Cadastro Geral Campistas'!$A:$R,9,0),"") | G59: =IFERROR(VLOOKUP(A59,'Cadastro Geral Campistas'!$A:$R,3,0),"") | H59: =IFERROR(VLOOKUP(A59,'Cadastro Geral Campistas'!$A:$R,8,0),"") | I59: =IF(AND(IFERROR(VLOOKUP(A59,'Cadastro Geral Campistas'!$A:$R,18,0),0)>0,COUNTIF($A$44:$A$59,IFERROR(VLOOKUP(A59,'Cadastro Geral Campistas'!$A:$R,18,0),0))>0),"⚠️ CONFLITO! Cônjuge na mesma tribo: "&IFERROR(VLOOKUP(IFERROR(VLOOKUP(A59,'Cadastro Geral Campistas'!$A:$R,18,0),0),'Cadastro Geral Campistas'!$A:$R,2,""),""),TRIM(IF(AND(IFERROR(VLOOKUP(A59,'Cadastro Geral Campistas'!$A:$R,10,0),"")<>"",LOWER(TRIM(IFERROR(VLOOKUP(A59,'Cadastro Geral Campistas'!$A:$R,10,0),"")))<>"não",LOWER(TRIM(IFERROR(VLOOKUP(A59,'Cadastro Geral Campistas'!$A:$R,10,0),"")))<>"nao",LOWER(TRIM(IFERROR(VLOOKUP(A59,'Cadastro Geral Campistas'!$A:$R,10,0),"")))<>"0"),IFERROR(VLOOKUP(A59,'Cadastro Geral Campistas'!$A:$R,10,0),"")&IF(AND(IFERROR(VLOOKUP(A59,'Cadastro Geral Campistas'!$A:$R,15,0),"")<>"",LOWER(TRIM(IFERROR(VLOOKUP(A59,'Cadastro Geral Campistas'!$A:$R,15,0),"")))<>"não",LOWER(TRIM(IFERROR(VLOOKUP(A59,'Cadastro Geral Campistas'!$A:$R,15,0),"")))<>"nao",LOWER(TRIM(IFERROR(VLOOKUP(A59,'Cadastro Geral Campistas'!$A:$R,15,0),"")))<>"0")," | Alergia: "&IFERROR(VLOOKUP(A59,'Cadastro Geral Campistas'!$A:$R,15,0),""),""),IF(AND(IFERROR(VLOOKUP(A59,'Cadastro Geral Campistas'!$A:$R,15,0),"")<>"",LOWER(TRIM(IFERROR(VLOOKUP(A59,'Cadastro Geral Campistas'!$A:$R,15,0),"")))<>"não",LOWER(TRIM(IFERROR(VLOOKUP(A59,'Cadastro Geral Campistas'!$A:$R,15,0),"")))<>"nao",LOWER(TRIM(IFERROR(VLOOKUP(A59,'Cadastro Geral Campistas'!$A:$R,15,0),"")))<>"0"),"Alergia: "&IFERROR(VLOOKUP(A59,'Cadastro Geral Campistas'!$A:$R,15,0),""),"")))) | J59: =IFERROR(VLOOKUP(A59,'Cadastro Geral Campistas'!$A:$R,4,0),"")
A60: MÉDIA>>>>>>>>> | C60: =IFERROR(ROUND(AVERAGE(C44:C59),1),"") | E60: =IFERROR(ROUND(AVERAGE(E44:E59),1),"") | I60: =COUNTIF(J44:J59,"F")&" F | "&COUNTIF(J44:J59,"M")&" M"
I61: Sequências das dinâmicas:
I62: 1 - Espelho
I63: 2 - Balanço
I64: 3 - Casa de Maria
I65: 4 - Salto da Fé
I66: 5 - Cabana
I67: 6 - Casa da Misericórdia
I68: 7 - Metrô
I69: 8 - Paredão
I70: 9 - Casa do Pai
A71: Cor: Laranja | E71: Tribo Judá
A72: Anjos: | G72: Anjo Guardião:
A75: Rodrigo Olmedo | G75: Victoria
A76: Marla
A78: Ficha ✏️ | B78: Nome | C78: Peso | D78: Alt | E78: Idade | F78: Cidade | G78: Camiseta | H78: Celular | I78: ⚠️ Alerta / Observações | J78: Sexo
A79: 8 | B79: =IFERROR(VLOOKUP(A79,'Cadastro Geral Campistas'!$A:$R,2,0),"") | C79: =IFERROR(VLOOKUP(A79,'Cadastro Geral Campistas'!$A:$R,5,0),"") | D79: =IFERROR(VLOOKUP(A79,'Cadastro Geral Campistas'!$A:$R,6,0),"") | E79: =IFERROR(VLOOKUP(A79,'Cadastro Geral Campistas'!$A:$R,7,0),"") | F79: =IFERROR(VLOOKUP(A79,'Cadastro Geral Campistas'!$A:$R,9,0),"") | G79: =IFERROR(VLOOKUP(A79,'Cadastro Geral Campistas'!$A:$R,3,0),"") | H79: =IFERROR(VLOOKUP(A79,'Cadastro Geral Campistas'!$A:$R,8,0),"") | I79: =IF(AND(IFERROR(VLOOKUP(A79,'Cadastro Geral Campistas'!$A:$R,18,0),0)>0,COUNTIF($A$79:$A$94,IFERROR(VLOOKUP(A79,'Cadastro Geral Campistas'!$A:$R,18,0),0))>0),"⚠️ CONFLITO! Cônjuge na mesma tribo: "&IFERROR(VLOOKUP(IFERROR(VLOOKUP(A79,'Cadastro Geral Campistas'!$A:$R,18,0),0),'Cadastro Geral Campistas'!$A:$R,2,""),""),TRIM(IF(AND(IFERROR(VLOOKUP(A79,'Cadastro Geral Campistas'!$A:$R,10,0),"")<>"",LOWER(TRIM(IFERROR(VLOOKUP(A79,'Cadastro Geral Campistas'!$A:$R,10,0),"")))<>"não",LOWER(TRIM(IFERROR(VLOOKUP(A79,'Cadastro Geral Campistas'!$A:$R,10,0),"")))<>"nao",LOWER(TRIM(IFERROR(VLOOKUP(A79,'Cadastro Geral Campistas'!$A:$R,10,0),"")))<>"0"),IFERROR(VLOOKUP(A79,'Cadastro Geral Campistas'!$A:$R,10,0),"")&IF(AND(IFERROR(VLOOKUP(A79,'Cadastro Geral Campistas'!$A:$R,15,0),"")<>"",LOWER(TRIM(IFERROR(VLOOKUP(A79,'Cadastro Geral Campistas'!$A:$R,15,0),"")))<>"não",LOWER(TRIM(IFERROR(VLOOKUP(A79,'Cadastro Geral Campistas'!$A:$R,15,0),"")))<>"nao",LOWER(TRIM(IFERROR(VLOOKUP(A79,'Cadastro Geral Campistas'!$A:$R,15,0),"")))<>"0")," | Alergia: "&IFERROR(VLOOKUP(A79,'Cadastro Geral Campistas'!$A:$R,15,0),""),""),IF(AND(IFERROR(VLOOKUP(A79,'Cadastro Geral Campistas'!$A:$R,15,0),"")<>"",LOWER(TRIM(IFERROR(VLOOKUP(A79,'Cadastro Geral Campistas'!$A:$R,15,0),"")))<>"não",LOWER(TRIM(IFERROR(VLOOKUP(A79,'Cadastro Geral Campistas'!$A:$R,15,0),"")))<>"nao",LOWER(TRIM(IFERROR(VLOOKUP(A79,'Cadastro Geral Campistas'!$A:$R,15,0),"")))<>"0"),"Alergia: "&IFERROR(VLOOKUP(A79,'Cadastro Geral Campistas'!$A:$R,15,0),""),"")))) | J79: =IFERROR(VLOOKUP(A79,'Cadastro Geral Campistas'!$A:$R,4,0),"")
A80: 10 | B80: =IFERROR(VLOOKUP(A80,'Cadastro Geral Campistas'!$A:$R,2,0),"") | C80: =IFERROR(VLOOKUP(A80,'Cadastro Geral Campistas'!$A:$R,5,0),"") | D80: =IFERROR(VLOOKUP(A80,'Cadastro Geral Campistas'!$A:$R,6,0),"") | E80: =IFERROR(VLOOKUP(A80,'Cadastro Geral Campistas'!$A:$R,7,0),"") | F80: =IFERROR(VLOOKUP(A80,'Cadastro Geral Campistas'!$A:$R,9,0),"") | G80: =IFERROR(VLOOKUP(A80,'Cadastro Geral Campistas'!$A:$R,3,0),"") | H80: =IFERROR(VLOOKUP(A80,'Cadastro Geral Campistas'!$A:$R,8,0),"") | I80: =IF(AND(IFERROR(VLOOKUP(A80,'Cadastro Geral Campistas'!$A:$R,18,0),0)>0,COUNTIF($A$79:$A$94,IFERROR(VLOOKUP(A80,'Cadastro Geral Campistas'!$A:$R,18,0),0))>0),"⚠️ CONFLITO! Cônjuge na mesma tribo: "&IFERROR(VLOOKUP(IFERROR(VLOOKUP(A80,'Cadastro Geral Campistas'!$A:$R,18,0),0),'Cadastro Geral Campistas'!$A:$R,2,""),""),TRIM(IF(AND(IFERROR(VLOOKUP(A80,'Cadastro Geral Campistas'!$A:$R,10,0),"")<>"",LOWER(TRIM(IFERROR(VLOOKUP(A80,'Cadastro Geral Campistas'!$A:$R,10,0),"")))<>"não",LOWER(TRIM(IFERROR(VLOOKUP(A80,'Cadastro Geral Campistas'!$A:$R,10,0),"")))<>"nao",LOWER(TRIM(IFERROR(VLOOKUP(A80,'Cadastro Geral Campistas'!$A:$R,10,0),"")))<>"0"),IFERROR(VLOOKUP(A80,'Cadastro Geral Campistas'!$A:$R,10,0),"")&IF(AND(IFERROR(VLOOKUP(A80,'Cadastro Geral Campistas'!$A:$R,15,0),"")<>"",LOWER(TRIM(IFERROR(VLOOKUP(A80,'Cadastro Geral Campistas'!$A:$R,15,0),"")))<>"não",LOWER(TRIM(IFERROR(VLOOKUP(A80,'Cadastro Geral Campistas'!$A:$R,15,0),"")))<>"nao",LOWER(TRIM(IFERROR(VLOOKUP(A80,'Cadastro Geral Campistas'!$A:$R,15,0),"")))<>"0")," | Alergia: "&IFERROR(VLOOKUP(A80,'Cadastro Geral Campistas'!$A:$R,15,0),""),""),IF(AND(IFERROR(VLOOKUP(A80,'Cadastro Geral Campistas'!$A:$R,15,0),"")<>"",LOWER(TRIM(IFERROR(VLOOKUP(A80,'Cadastro Geral Campistas'!$A:$R,15,0),"")))<>"não",LOWER(TRIM(IFERROR(VLOOKUP(A80,'Cadastro Geral Campistas'!$A:$R,15,0),"")))<>"nao",LOWER(TRIM(IFERROR(VLOOKUP(A80,'Cadastro Geral Campistas'!$A:$R,15,0),"")))<>"0"),"Alergia: "&IFERROR(VLOOKUP(A80,'Cadastro Geral Campistas'!$A:$R,15,0),""),"")))) | J80: =IFERROR(VLOOKUP(A80,'Cadastro Geral Campistas'!$A:$R,4,0),"")
A81: 15 | B81: =IFERROR(VLOOKUP(A81,'Cadastro Geral Campistas'!$A:$R,2,0),"") | C81: =IFERROR(VLOOKUP(A81,'Cadastro Geral Campistas'!$A:$R,5,0),"") | D81: =IFERROR(VLOOKUP(A81,'Cadastro Geral Campistas'!$A:$R,6,0),"") | E81: =IFERROR(VLOOKUP(A81,'Cadastro Geral Campistas'!$A:$R,7,0),"") | F81: =IFERROR(VLOOKUP(A81,'Cadastro Geral Campistas'!$A:$R,9,0),"") | G81: =IFERROR(VLOOKUP(A81,'Cadastro Geral Campistas'!$A:$R,3,0),"") | H81: =IFERROR(VLOOKUP(A81,'Cadastro Geral Campistas'!$A:$R,8,0),"") | I81: =IF(AND(IFERROR(VLOOKUP(A81,'Cadastro Geral Campistas'!$A:$R,18,0),0)>0,COUNTIF($A$79:$A$94,IFERROR(VLOOKUP(A81,'Cadastro Geral Campistas'!$A:$R,18,0),0))>0),"⚠️ CONFLITO! Cônjuge na mesma tribo: "&IFERROR(VLOOKUP(IFERROR(VLOOKUP(A81,'Cadastro Geral Campistas'!$A:$R,18,0),0),'Cadastro Geral Campistas'!$A:$R,2,""),""),TRIM(IF(AND(IFERROR(VLOOKUP(A81,'Cadastro Geral Campistas'!$A:$R,10,0),"")<>"",LOWER(TRIM(IFERROR(VLOOKUP(A81,'Cadastro Geral Campistas'!$A:$R,10,0),"")))<>"não",LOWER(TRIM(IFERROR(VLOOKUP(A81,'Cadastro Geral Campistas'!$A:$R,10,0),"")))<>"nao",LOWER(TRIM(IFERROR(VLOOKUP(A81,'Cadastro Geral Campistas'!$A:$R,10,0),"")))<>"0"),IFERROR(VLOOKUP(A81,'Cadastro Geral Campistas'!$A:$R,10,0),"")&IF(AND(IFERROR(VLOOKUP(A81,'Cadastro Geral Campistas'!$A:$R,15,0),"")<>"",LOWER(TRIM(IFERROR(VLOOKUP(A81,'Cadastro Geral Campistas'!$A:$R,15,0),"")))<>"não",LOWER(TRIM(IFERROR(VLOOKUP(A81,'Cadastro Geral Campistas'!$A:$R,15,0),"")))<>"nao",LOWER(TRIM(IFERROR(VLOOKUP(A81,'Cadastro Geral Campistas'!$A:$R,15,0),"")))<>"0")," | Alergia: "&IFERROR(VLOOKUP(A81,'Cadastro Geral Campistas'!$A:$R,15,0),""),""),IF(AND(IFERROR(VLOOKUP(A81,'Cadastro Geral Campistas'!$A:$R,15,0),"")<>"",LOWER(TRIM(IFERROR(VLOOKUP(A81,'Cadastro Geral Campistas'!$A:$R,15,0),"")))<>"não",LOWER(TRIM(IFERROR(VLOOKUP(A81,'Cadastro Geral Campistas'!$A:$R,15,0),"")))<>"nao",LOWER(TRIM(IFERROR(VLOOKUP(A81,'Cadastro Geral Campistas'!$A:$R,15,0),"")))<>"0"),"Alergia: "&IFERROR(VLOOKUP(A81,'Cadastro Geral Campistas'!$A:$R,15,0),""),"")))) | J81: =IFERROR(VLOOKUP(A81,'Cadastro Geral Campistas'!$A:$R,4,0),"")
A82: 29 | B82: =IFERROR(VLOOKUP(A82,'Cadastro Geral Campistas'!$A:$R,2,0),"") | C82: =IFERROR(VLOOKUP(A82,'Cadastro Geral Campistas'!$A:$R,5,0),"") | D82: =IFERROR(VLOOKUP(A82,'Cadastro Geral Campistas'!$A:$R,6,0),"") | E82: =IFERROR(VLOOKUP(A82,'Cadastro Geral Campistas'!$A:$R,7,0),"") | F82: =IFERROR(VLOOKUP(A82,'Cadastro Geral Campistas'!$A:$R,9,0),"") | G82: =IFERROR(VLOOKUP(A82,'Cadastro Geral Campistas'!$A:$R,3,0),"") | H82: =IFERROR(VLOOKUP(A82,'Cadastro Geral Campistas'!$A:$R,8,0),"") | I82: =IF(AND(IFERROR(VLOOKUP(A82,'Cadastro Geral Campistas'!$A:$R,18,0),0)>0,COUNTIF($A$79:$A$94,IFERROR(VLOOKUP(A82,'Cadastro Geral Campistas'!$A:$R,18,0),0))>0),"⚠️ CONFLITO! Cônjuge na mesma tribo: "&IFERROR(VLOOKUP(IFERROR(VLOOKUP(A82,'Cadastro Geral Campistas'!$A:$R,18,0),0),'Cadastro Geral Campistas'!$A:$R,2,""),""),TRIM(IF(AND(IFERROR(VLOOKUP(A82,'Cadastro Geral Campistas'!$A:$R,10,0),"")<>"",LOWER(TRIM(IFERROR(VLOOKUP(A82,'Cadastro Geral Campistas'!$A:$R,10,0),"")))<>"não",LOWER(TRIM(IFERROR(VLOOKUP(A82,'Cadastro Geral Campistas'!$A:$R,10,0),"")))<>"nao",LOWER(TRIM(IFERROR(VLOOKUP(A82,'Cadastro Geral Campistas'!$A:$R,10,0),"")))<>"0"),IFERROR(VLOOKUP(A82,'Cadastro Geral Campistas'!$A:$R,10,0),"")&IF(AND(IFERROR(VLOOKUP(A82,'Cadastro Geral Campistas'!$A:$R,15,0),"")<>"",LOWER(TRIM(IFERROR(VLOOKUP(A82,'Cadastro Geral Campistas'!$A:$R,15,0),"")))<>"não",LOWER(TRIM(IFERROR(VLOOKUP(A82,'Cadastro Geral Campistas'!$A:$R,15,0),"")))<>"nao",LOWER(TRIM(IFERROR(VLOOKUP(A82,'Cadastro Geral Campistas'!$A:$R,15,0),"")))<>"0")," | Alergia: "&IFERROR(VLOOKUP(A82,'Cadastro Geral Campistas'!$A:$R,15,0),""),""),IF(AND(IFERROR(VLOOKUP(A82,'Cadastro Geral Campistas'!$A:$R,15,0),"")<>"",LOWER(TRIM(IFERROR(VLOOKUP(A82,'Cadastro Geral Campistas'!$A:$R,15,0),"")))<>"não",LOWER(TRIM(IFERROR(VLOOKUP(A82,'Cadastro Geral Campistas'!$A:$R,15,0),"")))<>"nao",LOWER(TRIM(IFERROR(VLOOKUP(A82,'Cadastro Geral Campistas'!$A:$R,15,0),"")))<>"0"),"Alergia: "&IFERROR(VLOOKUP(A82,'Cadastro Geral Campistas'!$A:$R,15,0),""),"")))) | J82: =IFERROR(VLOOKUP(A82,'Cadastro Geral Campistas'!$A:$R,4,0),"")
A83: 39 | B83: =IFERROR(VLOOKUP(A83,'Cadastro Geral Campistas'!$A:$R,2,0),"") | C83: =IFERROR(VLOOKUP(A83,'Cadastro Geral Campistas'!$A:$R,5,0),"") | D83: =IFERROR(VLOOKUP(A83,'Cadastro Geral Campistas'!$A:$R,6,0),"") | E83: =IFERROR(VLOOKUP(A83,'Cadastro Geral Campistas'!$A:$R,7,0),"") | F83: =IFERROR(VLOOKUP(A83,'Cadastro Geral Campistas'!$A:$R,9,0),"") | G83: =IFERROR(VLOOKUP(A83,'Cadastro Geral Campistas'!$A:$R,3,0),"") | H83: =IFERROR(VLOOKUP(A83,'Cadastro Geral Campistas'!$A:$R,8,0),"") | I83: =IF(AND(IFERROR(VLOOKUP(A83,'Cadastro Geral Campistas'!$A:$R,18,0),0)>0,COUNTIF($A$79:$A$94,IFERROR(VLOOKUP(A83,'Cadastro Geral Campistas'!$A:$R,18,0),0))>0),"⚠️ CONFLITO! Cônjuge na mesma tribo: "&IFERROR(VLOOKUP(IFERROR(VLOOKUP(A83,'Cadastro Geral Campistas'!$A:$R,18,0),0),'Cadastro Geral Campistas'!$A:$R,2,""),""),TRIM(IF(AND(IFERROR(VLOOKUP(A83,'Cadastro Geral Campistas'!$A:$R,10,0),"")<>"",LOWER(TRIM(IFERROR(VLOOKUP(A83,'Cadastro Geral Campistas'!$A:$R,10,0),"")))<>"não",LOWER(TRIM(IFERROR(VLOOKUP(A83,'Cadastro Geral Campistas'!$A:$R,10,0),"")))<>"nao",LOWER(TRIM(IFERROR(VLOOKUP(A83,'Cadastro Geral Campistas'!$A:$R,10,0),"")))<>"0"),IFERROR(VLOOKUP(A83,'Cadastro Geral Campistas'!$A:$R,10,0),"")&IF(AND(IFERROR(VLOOKUP(A83,'Cadastro Geral Campistas'!$A:$R,15,0),"")<>"",LOWER(TRIM(IFERROR(VLOOKUP(A83,'Cadastro Geral Campistas'!$A:$R,15,0),"")))<>"não",LOWER(TRIM(IFERROR(VLOOKUP(A83,'Cadastro Geral Campistas'!$A:$R,15,0),"")))<>"nao",LOWER(TRIM(IFERROR(VLOOKUP(A83,'Cadastro Geral Campistas'!$A:$R,15,0),"")))<>"0")," | Alergia: "&IFERROR(VLOOKUP(A83,'Cadastro Geral Campistas'!$A:$R,15,0),""),""),IF(AND(IFERROR(VLOOKUP(A83,'Cadastro Geral Campistas'!$A:$R,15,0),"")<>"",LOWER(TRIM(IFERROR(VLOOKUP(A83,'Cadastro Geral Campistas'!$A:$R,15,0),"")))<>"não",LOWER(TRIM(IFERROR(VLOOKUP(A83,'Cadastro Geral Campistas'!$A:$R,15,0),"")))<>"nao",LOWER(TRIM(IFERROR(VLOOKUP(A83,'Cadastro Geral Campistas'!$A:$R,15,0),"")))<>"0"),"Alergia: "&IFERROR(VLOOKUP(A83,'Cadastro Geral Campistas'!$A:$R,15,0),""),"")))) | J83: =IFERROR(VLOOKUP(A83,'Cadastro Geral Campistas'!$A:$R,4,0),"")
A84: 59 | B84: =IFERROR(VLOOKUP(A84,'Cadastro Geral Campistas'!$A:$R,2,0),"") | C84: =IFERROR(VLOOKUP(A84,'Cadastro Geral Campistas'!$A:$R,5,0),"") | D84: =IFERROR(VLOOKUP(A84,'Cadastro Geral Campistas'!$A:$R,6,0),"") | E84: =IFERROR(VLOOKUP(A84,'Cadastro Geral Campistas'!$A:$R,7,0),"") | F84: =IFERROR(VLOOKUP(A84,'Cadastro Geral Campistas'!$A:$R,9,0),"") | G84: =IFERROR(VLOOKUP(A84,'Cadastro Geral Campistas'!$A:$R,3,0),"") | H84: =IFERROR(VLOOKUP(A84,'Cadastro Geral Campistas'!$A:$R,8,0),"") | I84: =IF(AND(IFERROR(VLOOKUP(A84,'Cadastro Geral Campistas'!$A:$R,18,0),0)>0,COUNTIF($A$79:$A$94,IFERROR(VLOOKUP(A84,'Cadastro Geral Campistas'!$A:$R,18,0),0))>0),"⚠️ CONFLITO! Cônjuge na mesma tribo: "&IFERROR(VLOOKUP(IFERROR(VLOOKUP(A84,'Cadastro Geral Campistas'!$A:$R,18,0),0),'Cadastro Geral Campistas'!$A:$R,2,""),""),TRIM(IF(AND(IFERROR(VLOOKUP(A84,'Cadastro Geral Campistas'!$A:$R,10,0),"")<>"",LOWER(TRIM(IFERROR(VLOOKUP(A84,'Cadastro Geral Campistas'!$A:$R,10,0),"")))<>"não",LOWER(TRIM(IFERROR(VLOOKUP(A84,'Cadastro Geral Campistas'!$A:$R,10,0),"")))<>"nao",LOWER(TRIM(IFERROR(VLOOKUP(A84,'Cadastro Geral Campistas'!$A:$R,10,0),"")))<>"0"),IFERROR(VLOOKUP(A84,'Cadastro Geral Campistas'!$A:$R,10,0),"")&IF(AND(IFERROR(VLOOKUP(A84,'Cadastro Geral Campistas'!$A:$R,15,0),"")<>"",LOWER(TRIM(IFERROR(VLOOKUP(A84,'Cadastro Geral Campistas'!$A:$R,15,0),"")))<>"não",LOWER(TRIM(IFERROR(VLOOKUP(A84,'Cadastro Geral Campistas'!$A:$R,15,0),"")))<>"nao",LOWER(TRIM(IFERROR(VLOOKUP(A84,'Cadastro Geral Campistas'!$A:$R,15,0),"")))<>"0")," | Alergia: "&IFERROR(VLOOKUP(A84,'Cadastro Geral Campistas'!$A:$R,15,0),""),""),IF(AND(IFERROR(VLOOKUP(A84,'Cadastro Geral Campistas'!$A:$R,15,0),"")<>"",LOWER(TRIM(IFERROR(VLOOKUP(A84,'Cadastro Geral Campistas'!$A:$R,15,0),"")))<>"não",LOWER(TRIM(IFERROR(VLOOKUP(A84,'Cadastro Geral Campistas'!$A:$R,15,0),"")))<>"nao",LOWER(TRIM(IFERROR(VLOOKUP(A84,'Cadastro Geral Campistas'!$A:$R,15,0),"")))<>"0"),"Alergia: "&IFERROR(VLOOKUP(A84,'Cadastro Geral Campistas'!$A:$R,15,0),""),"")))) | J84: =IFERROR(VLOOKUP(A84,'Cadastro Geral Campistas'!$A:$R,4,0),"")
A85: 74 | B85: =IFERROR(VLOOKUP(A85,'Cadastro Geral Campistas'!$A:$R,2,0),"") | C85: =IFERROR(VLOOKUP(A85,'Cadastro Geral Campistas'!$A:$R,5,0),"") | D85: =IFERROR(VLOOKUP(A85,'Cadastro Geral Campistas'!$A:$R,6,0),"") | E85: =IFERROR(VLOOKUP(A85,'Cadastro Geral Campistas'!$A:$R,7,0),"") | F85: =IFERROR(VLOOKUP(A85,'Cadastro Geral Campistas'!$A:$R,9,0),"") | G85: =IFERROR(VLOOKUP(A85,'Cadastro Geral Campistas'!$A:$R,3,0),"") | H85: =IFERROR(VLOOKUP(A85,'Cadastro Geral Campistas'!$A:$R,8,0),"") | I85: =IF(AND(IFERROR(VLOOKUP(A85,'Cadastro Geral Campistas'!$A:$R,18,0),0)>0,COUNTIF($A$79:$A$94,IFERROR(VLOOKUP(A85,'Cadastro Geral Campistas'!$A:$R,18,0),0))>0),"⚠️ CONFLITO! Cônjuge na mesma tribo: "&IFERROR(VLOOKUP(IFERROR(VLOOKUP(A85,'Cadastro Geral Campistas'!$A:$R,18,0),0),'Cadastro Geral Campistas'!$A:$R,2,""),""),TRIM(IF(AND(IFERROR(VLOOKUP(A85,'Cadastro Geral Campistas'!$A:$R,10,0),"")<>"",LOWER(TRIM(IFERROR(VLOOKUP(A85,'Cadastro Geral Campistas'!$A:$R,10,0),"")))<>"não",LOWER(TRIM(IFERROR(VLOOKUP(A85,'Cadastro Geral Campistas'!$A:$R,10,0),"")))<>"nao",LOWER(TRIM(IFERROR(VLOOKUP(A85,'Cadastro Geral Campistas'!$A:$R,10,0),"")))<>"0"),IFERROR(VLOOKUP(A85,'Cadastro Geral Campistas'!$A:$R,10,0),"")&IF(AND(IFERROR(VLOOKUP(A85,'Cadastro Geral Campistas'!$A:$R,15,0),"")<>"",LOWER(TRIM(IFERROR(VLOOKUP(A85,'Cadastro Geral Campistas'!$A:$R,15,0),"")))<>"não",LOWER(TRIM(IFERROR(VLOOKUP(A85,'Cadastro Geral Campistas'!$A:$R,15,0),"")))<>"nao",LOWER(TRIM(IFERROR(VLOOKUP(A85,'Cadastro Geral Campistas'!$A:$R,15,0),"")))<>"0")," | Alergia: "&IFERROR(VLOOKUP(A85,'Cadastro Geral Campistas'!$A:$R,15,0),""),""),IF(AND(IFERROR(VLOOKUP(A85,'Cadastro Geral Campistas'!$A:$R,15,0),"")<>"",LOWER(TRIM(IFERROR(VLOOKUP(A85,'Cadastro Geral Campistas'!$A:$R,15,0),"")))<>"não",LOWER(TRIM(IFERROR(VLOOKUP(A85,'Cadastro Geral Campistas'!$A:$R,15,0),"")))<>"nao",LOWER(TRIM(IFERROR(VLOOKUP(A85,'Cadastro Geral Campistas'!$A:$R,15,0),"")))<>"0"),"Alergia: "&IFERROR(VLOOKUP(A85,'Cadastro Geral Campistas'!$A:$R,15,0),""),"")))) | J85: =IFERROR(VLOOKUP(A85,'Cadastro Geral Campistas'!$A:$R,4,0),"")
A86: 117 | B86: =IFERROR(VLOOKUP(A86,'Cadastro Geral Campistas'!$A:$R,2,0),"") | C86: =IFERROR(VLOOKUP(A86,'Cadastro Geral Campistas'!$A:$R,5,0),"") | D86: =IFERROR(VLOOKUP(A86,'Cadastro Geral Campistas'!$A:$R,6,0),"") | E86: =IFERROR(VLOOKUP(A86,'Cadastro Geral Campistas'!$A:$R,7,0),"") | F86: =IFERROR(VLOOKUP(A86,'Cadastro Geral Campistas'!$A:$R,9,0),"") | G86: =IFERROR(VLOOKUP(A86,'Cadastro Geral Campistas'!$A:$R,3,0),"") | H86: =IFERROR(VLOOKUP(A86,'Cadastro Geral Campistas'!$A:$R,8,0),"") | I86: =IF(AND(IFERROR(VLOOKUP(A86,'Cadastro Geral Campistas'!$A:$R,18,0),0)>0,COUNTIF($A$79:$A$94,IFERROR(VLOOKUP(A86,'Cadastro Geral Campistas'!$A:$R,18,0),0))>0),"⚠️ CONFLITO! Cônjuge na mesma tribo: "&IFERROR(VLOOKUP(IFERROR(VLOOKUP(A86,'Cadastro Geral Campistas'!$A:$R,18,0),0),'Cadastro Geral Campistas'!$A:$R,2,""),""),TRIM(IF(AND(IFERROR(VLOOKUP(A86,'Cadastro Geral Campistas'!$A:$R,10,0),"")<>"",LOWER(TRIM(IFERROR(VLOOKUP(A86,'Cadastro Geral Campistas'!$A:$R,10,0),"")))<>"não",LOWER(TRIM(IFERROR(VLOOKUP(A86,'Cadastro Geral Campistas'!$A:$R,10,0),"")))<>"nao",LOWER(TRIM(IFERROR(VLOOKUP(A86,'Cadastro Geral Campistas'!$A:$R,10,0),"")))<>"0"),IFERROR(VLOOKUP(A86,'Cadastro Geral Campistas'!$A:$R,10,0),"")&IF(AND(IFERROR(VLOOKUP(A86,'Cadastro Geral Campistas'!$A:$R,15,0),"")<>"",LOWER(TRIM(IFERROR(VLOOKUP(A86,'Cadastro Geral Campistas'!$A:$R,15,0),"")))<>"não",LOWER(TRIM(IFERROR(VLOOKUP(A86,'Cadastro Geral Campistas'!$A:$R,15,0),"")))<>"nao",LOWER(TRIM(IFERROR(VLOOKUP(A86,'Cadastro Geral Campistas'!$A:$R,15,0),"")))<>"0")," | Alergia: "&IFERROR(VLOOKUP(A86,'Cadastro Geral Campistas'!$A:$R,15,0),""),""),IF(AND(IFERROR(VLOOKUP(A86,'Cadastro Geral Campistas'!$A:$R,15,0),"")<>"",LOWER(TRIM(IFERROR(VLOOKUP(A86,'Cadastro Geral Campistas'!$A:$R,15,0),"")))<>"não",LOWER(TRIM(IFERROR(VLOOKUP(A86,'Cadastro Geral Campistas'!$A:$R,15,0),"")))<>"nao",LOWER(TRIM(IFERROR(VLOOKUP(A86,'Cadastro Geral Campistas'!$A:$R,15,0),"")))<>"0"),"Alergia: "&IFERROR(VLOOKUP(A86,'Cadastro Geral Campistas'!$A:$R,15,0),""),"")))) | J86: =IFERROR(VLOOKUP(A86,'Cadastro Geral Campistas'!$A:$R,4,0),"")
A87: 5 | B87: =IFERROR(VLOOKUP(A87,'Cadastro Geral Campistas'!$A:$R,2,0),"") | C87: =IFERROR(VLOOKUP(A87,'Cadastro Geral Campistas'!$A:$R,5,0),"") | D87: =IFERROR(VLOOKUP(A87,'Cadastro Geral Campistas'!$A:$R,6,0),"") | E87: =IFERROR(VLOOKUP(A87,'Cadastro Geral Campistas'!$A:$R,7,0),"") | F87: =IFERROR(VLOOKUP(A87,'Cadastro Geral Campistas'!$A:$R,9,0),"") | G87: =IFERROR(VLOOKUP(A87,'Cadastro Geral Campistas'!$A:$R,3,0),"") | H87: =IFERROR(VLOOKUP(A87,'Cadastro Geral Campistas'!$A:$R,8,0),"") | I87: =IF(AND(IFERROR(VLOOKUP(A87,'Cadastro Geral Campistas'!$A:$R,18,0),0)>0,COUNTIF($A$79:$A$94,IFERROR(VLOOKUP(A87,'Cadastro Geral Campistas'!$A:$R,18,0),0))>0),"⚠️ CONFLITO! Cônjuge na mesma tribo: "&IFERROR(VLOOKUP(IFERROR(VLOOKUP(A87,'Cadastro Geral Campistas'!$A:$R,18,0),0),'Cadastro Geral Campistas'!$A:$R,2,""),""),TRIM(IF(AND(IFERROR(VLOOKUP(A87,'Cadastro Geral Campistas'!$A:$R,10,0),"")<>"",LOWER(TRIM(IFERROR(VLOOKUP(A87,'Cadastro Geral Campistas'!$A:$R,10,0),"")))<>"não",LOWER(TRIM(IFERROR(VLOOKUP(A87,'Cadastro Geral Campistas'!$A:$R,10,0),"")))<>"nao",LOWER(TRIM(IFERROR(VLOOKUP(A87,'Cadastro Geral Campistas'!$A:$R,10,0),"")))<>"0"),IFERROR(VLOOKUP(A87,'Cadastro Geral Campistas'!$A:$R,10,0),"")&IF(AND(IFERROR(VLOOKUP(A87,'Cadastro Geral Campistas'!$A:$R,15,0),"")<>"",LOWER(TRIM(IFERROR(VLOOKUP(A87,'Cadastro Geral Campistas'!$A:$R,15,0),"")))<>"não",LOWER(TRIM(IFERROR(VLOOKUP(A87,'Cadastro Geral Campistas'!$A:$R,15,0),"")))<>"nao",LOWER(TRIM(IFERROR(VLOOKUP(A87,'Cadastro Geral Campistas'!$A:$R,15,0),"")))<>"0")," | Alergia: "&IFERROR(VLOOKUP(A87,'Cadastro Geral Campistas'!$A:$R,15,0),""),""),IF(AND(IFERROR(VLOOKUP(A87,'Cadastro Geral Campistas'!$A:$R,15,0),"")<>"",LOWER(TRIM(IFERROR(VLOOKUP(A87,'Cadastro Geral Campistas'!$A:$R,15,0),"")))<>"não",LOWER(TRIM(IFERROR(VLOOKUP(A87,'Cadastro Geral Campistas'!$A:$R,15,0),"")))<>"nao",LOWER(TRIM(IFERROR(VLOOKUP(A87,'Cadastro Geral Campistas'!$A:$R,15,0),"")))<>"0"),"Alergia: "&IFERROR(VLOOKUP(A87,'Cadastro Geral Campistas'!$A:$R,15,0),""),"")))) | J87: =IFERROR(VLOOKUP(A87,'Cadastro Geral Campistas'!$A:$R,4,0),"")
A88: 11 | B88: =IFERROR(VLOOKUP(A88,'Cadastro Geral Campistas'!$A:$R,2,0),"") | C88: =IFERROR(VLOOKUP(A88,'Cadastro Geral Campistas'!$A:$R,5,0),"") | D88: =IFERROR(VLOOKUP(A88,'Cadastro Geral Campistas'!$A:$R,6,0),"") | E88: =IFERROR(VLOOKUP(A88,'Cadastro Geral Campistas'!$A:$R,7,0),"") | F88: =IFERROR(VLOOKUP(A88,'Cadastro Geral Campistas'!$A:$R,9,0),"") | G88: =IFERROR(VLOOKUP(A88,'Cadastro Geral Campistas'!$A:$R,3,0),"") | H88: =IFERROR(VLOOKUP(A88,'Cadastro Geral Campistas'!$A:$R,8,0),"") | I88: =IF(AND(IFERROR(VLOOKUP(A88,'Cadastro Geral Campistas'!$A:$R,18,0),0)>0,COUNTIF($A$79:$A$94,IFERROR(VLOOKUP(A88,'Cadastro Geral Campistas'!$A:$R,18,0),0))>0),"⚠️ CONFLITO! Cônjuge na mesma tribo: "&IFERROR(VLOOKUP(IFERROR(VLOOKUP(A88,'Cadastro Geral Campistas'!$A:$R,18,0),0),'Cadastro Geral Campistas'!$A:$R,2,""),""),TRIM(IF(AND(IFERROR(VLOOKUP(A88,'Cadastro Geral Campistas'!$A:$R,10,0),"")<>"",LOWER(TRIM(IFERROR(VLOOKUP(A88,'Cadastro Geral Campistas'!$A:$R,10,0),"")))<>"não",LOWER(TRIM(IFERROR(VLOOKUP(A88,'Cadastro Geral Campistas'!$A:$R,10,0),"")))<>"nao",LOWER(TRIM(IFERROR(VLOOKUP(A88,'Cadastro Geral Campistas'!$A:$R,10,0),"")))<>"0"),IFERROR(VLOOKUP(A88,'Cadastro Geral Campistas'!$A:$R,10,0),"")&IF(AND(IFERROR(VLOOKUP(A88,'Cadastro Geral Campistas'!$A:$R,15,0),"")<>"",LOWER(TRIM(IFERROR(VLOOKUP(A88,'Cadastro Geral Campistas'!$A:$R,15,0),"")))<>"não",LOWER(TRIM(IFERROR(VLOOKUP(A88,'Cadastro Geral Campistas'!$A:$R,15,0),"")))<>"nao",LOWER(TRIM(IFERROR(VLOOKUP(A88,'Cadastro Geral Campistas'!$A:$R,15,0),"")))<>"0")," | Alergia: "&IFERROR(VLOOKUP(A88,'Cadastro Geral Campistas'!$A:$R,15,0),""),""),IF(AND(IFERROR(VLOOKUP(A88,'Cadastro Geral Campistas'!$A:$R,15,0),"")<>"",LOWER(TRIM(IFERROR(VLOOKUP(A88,'Cadastro Geral Campistas'!$A:$R,15,0),"")))<>"não",LOWER(TRIM(IFERROR(VLOOKUP(A88,'Cadastro Geral Campistas'!$A:$R,15,0),"")))<>"nao",LOWER(TRIM(IFERROR(VLOOKUP(A88,'Cadastro Geral Campistas'!$A:$R,15,0),"")))<>"0"),"Alergia: "&IFERROR(VLOOKUP(A88,'Cadastro Geral Campistas'!$A:$R,15,0),""),"")))) | J88: =IFERROR(VLOOKUP(A88,'Cadastro Geral Campistas'!$A:$R,4,0),"")
A89: 17 | B89: =IFERROR(VLOOKUP(A89,'Cadastro Geral Campistas'!$A:$R,2,0),"") | C89: =IFERROR(VLOOKUP(A89,'Cadastro Geral Campistas'!$A:$R,5,0),"") | D89: =IFERROR(VLOOKUP(A89,'Cadastro Geral Campistas'!$A:$R,6,0),"") | E89: =IFERROR(VLOOKUP(A89,'Cadastro Geral Campistas'!$A:$R,7,0),"") | F89: =IFERROR(VLOOKUP(A89,'Cadastro Geral Campistas'!$A:$R,9,0),"") | G89: =IFERROR(VLOOKUP(A89,'Cadastro Geral Campistas'!$A:$R,3,0),"") | H89: =IFERROR(VLOOKUP(A89,'Cadastro Geral Campistas'!$A:$R,8,0),"") | I89: =IF(AND(IFERROR(VLOOKUP(A89,'Cadastro Geral Campistas'!$A:$R,18,0),0)>0,COUNTIF($A$79:$A$94,IFERROR(VLOOKUP(A89,'Cadastro Geral Campistas'!$A:$R,18,0),0))>0),"⚠️ CONFLITO! Cônjuge na mesma tribo: "&IFERROR(VLOOKUP(IFERROR(VLOOKUP(A89,'Cadastro Geral Campistas'!$A:$R,18,0),0),'Cadastro Geral Campistas'!$A:$R,2,""),""),TRIM(IF(AND(IFERROR(VLOOKUP(A89,'Cadastro Geral Campistas'!$A:$R,10,0),"")<>"",LOWER(TRIM(IFERROR(VLOOKUP(A89,'Cadastro Geral Campistas'!$A:$R,10,0),"")))<>"não",LOWER(TRIM(IFERROR(VLOOKUP(A89,'Cadastro Geral Campistas'!$A:$R,10,0),"")))<>"nao",LOWER(TRIM(IFERROR(VLOOKUP(A89,'Cadastro Geral Campistas'!$A:$R,10,0),"")))<>"0"),IFERROR(VLOOKUP(A89,'Cadastro Geral Campistas'!$A:$R,10,0),"")&IF(AND(IFERROR(VLOOKUP(A89,'Cadastro Geral Campistas'!$A:$R,15,0),"")<>"",LOWER(TRIM(IFERROR(VLOOKUP(A89,'Cadastro Geral Campistas'!$A:$R,15,0),"")))<>"não",LOWER(TRIM(IFERROR(VLOOKUP(A89,'Cadastro Geral Campistas'!$A:$R,15,0),"")))<>"nao",LOWER(TRIM(IFERROR(VLOOKUP(A89,'Cadastro Geral Campistas'!$A:$R,15,0),"")))<>"0")," | Alergia: "&IFERROR(VLOOKUP(A89,'Cadastro Geral Campistas'!$A:$R,15,0),""),""),IF(AND(IFERROR(VLOOKUP(A89,'Cadastro Geral Campistas'!$A:$R,15,0),"")<>"",LOWER(TRIM(IFERROR(VLOOKUP(A89,'Cadastro Geral Campistas'!$A:$R,15,0),"")))<>"não",LOWER(TRIM(IFERROR(VLOOKUP(A89,'Cadastro Geral Campistas'!$A:$R,15,0),"")))<>"nao",LOWER(TRIM(IFERROR(VLOOKUP(A89,'Cadastro Geral Campistas'!$A:$R,15,0),"")))<>"0"),"Alergia: "&IFERROR(VLOOKUP(A89,'Cadastro Geral Campistas'!$A:$R,15,0),""),"")))) | J89: =IFERROR(VLOOKUP(A89,'Cadastro Geral Campistas'!$A:$R,4,0),"")
A90: 35 | B90: =IFERROR(VLOOKUP(A90,'Cadastro Geral Campistas'!$A:$R,2,0),"") | C90: =IFERROR(VLOOKUP(A90,'Cadastro Geral Campistas'!$A:$R,5,0),"") | D90: =IFERROR(VLOOKUP(A90,'Cadastro Geral Campistas'!$A:$R,6,0),"") | E90: =IFERROR(VLOOKUP(A90,'Cadastro Geral Campistas'!$A:$R,7,0),"") | F90: =IFERROR(VLOOKUP(A90,'Cadastro Geral Campistas'!$A:$R,9,0),"") | G90: =IFERROR(VLOOKUP(A90,'Cadastro Geral Campistas'!$A:$R,3,0),"") | H90: =IFERROR(VLOOKUP(A90,'Cadastro Geral Campistas'!$A:$R,8,0),"") | I90: =IF(AND(IFERROR(VLOOKUP(A90,'Cadastro Geral Campistas'!$A:$R,18,0),0)>0,COUNTIF($A$79:$A$94,IFERROR(VLOOKUP(A90,'Cadastro Geral Campistas'!$A:$R,18,0),0))>0),"⚠️ CONFLITO! Cônjuge na mesma tribo: "&IFERROR(VLOOKUP(IFERROR(VLOOKUP(A90,'Cadastro Geral Campistas'!$A:$R,18,0),0),'Cadastro Geral Campistas'!$A:$R,2,""),""),TRIM(IF(AND(IFERROR(VLOOKUP(A90,'Cadastro Geral Campistas'!$A:$R,10,0),"")<>"",LOWER(TRIM(IFERROR(VLOOKUP(A90,'Cadastro Geral Campistas'!$A:$R,10,0),"")))<>"não",LOWER(TRIM(IFERROR(VLOOKUP(A90,'Cadastro Geral Campistas'!$A:$R,10,0),"")))<>"nao",LOWER(TRIM(IFERROR(VLOOKUP(A90,'Cadastro Geral Campistas'!$A:$R,10,0),"")))<>"0"),IFERROR(VLOOKUP(A90,'Cadastro Geral Campistas'!$A:$R,10,0),"")&IF(AND(IFERROR(VLOOKUP(A90,'Cadastro Geral Campistas'!$A:$R,15,0),"")<>"",LOWER(TRIM(IFERROR(VLOOKUP(A90,'Cadastro Geral Campistas'!$A:$R,15,0),"")))<>"não",LOWER(TRIM(IFERROR(VLOOKUP(A90,'Cadastro Geral Campistas'!$A:$R,15,0),"")))<>"nao",LOWER(TRIM(IFERROR(VLOOKUP(A90,'Cadastro Geral Campistas'!$A:$R,15,0),"")))<>"0")," | Alergia: "&IFERROR(VLOOKUP(A90,'Cadastro Geral Campistas'!$A:$R,15,0),""),""),IF(AND(IFERROR(VLOOKUP(A90,'Cadastro Geral Campistas'!$A:$R,15,0),"")<>"",LOWER(TRIM(IFERROR(VLOOKUP(A90,'Cadastro Geral Campistas'!$A:$R,15,0),"")))<>"não",LOWER(TRIM(IFERROR(VLOOKUP(A90,'Cadastro Geral Campistas'!$A:$R,15,0),"")))<>"nao",LOWER(TRIM(IFERROR(VLOOKUP(A90,'Cadastro Geral Campistas'!$A:$R,15,0),"")))<>"0"),"Alergia: "&IFERROR(VLOOKUP(A90,'Cadastro Geral Campistas'!$A:$R,15,0),""),"")))) | J90: =IFERROR(VLOOKUP(A90,'Cadastro Geral Campistas'!$A:$R,4,0),"")
... A94: 114 | B94: =IFERROR(VLOOKUP(A94,'Cadastro Geral Campistas'!$A:$R,2,0),"") | C94: =IFERROR(VLOOKUP(A94,'Cadastro Geral Campistas'!$A:$R,5,0),"") | D94: =IFERROR(VLOOKUP(A94,'Cadastro Geral Campistas'!$A:$R,6,0),"") | E94: =IFERROR(VLOOKUP(A94,'Cadastro Geral Campistas'!$A:$R,7,0),"") | F94: =IFERROR(VLOOKUP(A94,'Cadastro Geral Campistas'!$A:$R,9,0),"") | G94: =IFERROR(VLOOKUP(A94,'Cadastro Geral Campistas'!$A:$R,3,0),"") | H94: =IFERROR(VLOOKUP(A94,'Cadastro Geral Campistas'!$A:$R,8,0),"") | I94: =IF(AND(IFERROR(VLOOKUP(A94,'Cadastro Geral Campistas'!$A:$R,18,0),0)>0,COUNTIF($A$79:$A$94,IFERROR(VLOOKUP(A94,'Cadastro Geral Campistas'!$A:$R,18,0),0))>0),"⚠️ CONFLITO! Cônjuge na mesma tribo: "&IFERROR(VLOOKUP(IFERROR(VLOOKUP(A94,'Cadastro Geral Campistas'!$A:$R,18,0),0),'Cadastro Geral Campistas'!$A:$R,2,""),""),TRIM(IF(AND(IFERROR(VLOOKUP(A94,'Cadastro Geral Campistas'!$A:$R,10,0),"")<>"",LOWER(TRIM(IFERROR(VLOOKUP(A94,'Cadastro Geral Campistas'!$A:$R,10,0),"")))<>"não",LOWER(TRIM(IFERROR(VLOOKUP(A94,'Cadastro Geral Campistas'!$A:$R,10,0),"")))<>"nao",LOWER(TRIM(IFERROR(VLOOKUP(A94,'Cadastro Geral Campistas'!$A:$R,10,0),"")))<>"0"),IFERROR(VLOOKUP(A94,'Cadastro Geral Campistas'!$A:$R,10,0),"")&IF(AND(IFERROR(VLOOKUP(A94,'Cadastro Geral Campistas'!$A:$R,15,0),"")<>"",LOWER(TRIM(IFERROR(VLOOKUP(A94,'Cadastro Geral Campistas'!$A:$R,15,0),"")))<>"não",LOWER(TRIM(IFERROR(VLOOKUP(A94,'Cadastro Geral Campistas'!$A:$R,15,0),"")))<>"nao",LOWER(TRIM(IFERROR(VLOOKUP(A94,'Cadastro Geral Campistas'!$A:$R,15,0),"")))<>"0")," | Alergia: "&IFERROR(VLOOKUP(A94,'Cadastro Geral Campistas'!$A:$R,15,0),""),""),IF(AND(IFERROR(VLOOKUP(A94,'Cadastro Geral Campistas'!$A:$R,15,0),"")<>"",LOWER(TRIM(IFERROR(VLOOKUP(A94,'Cadastro Geral Campistas'!$A:$R,15,0),"")))<>"não",LOWER(TRIM(IFERROR(VLOOKUP(A94,'Cadastro Geral Campistas'!$A:$R,15,0),"")))<>"nao",LOWER(TRIM(IFERROR(VLOOKUP(A94,'Cadastro Geral Campistas'!$A:$R,15,0),"")))<>"0"),"Alergia: "&IFERROR(VLOOKUP(A94,'Cadastro Geral Campistas'!$A:$R,15,0),""),"")))) | J94: =IFERROR(VLOOKUP(A94,'Cadastro Geral Campistas'!$A:$R,4,0),"")
A95: MÉDIA>>>>>>>>> | C95: =IFERROR(ROUND(AVERAGE(C79:C94),1),"") | E95: =IFERROR(ROUND(AVERAGE(E79:E94),1),"") | I95: =COUNTIF(J79:J94,"F")&" F | "&COUNTIF(J79:J94,"M")&" M"
I96: Sequências das dinâmicas:
I97: 1 - Balanço
I98: 2 - Casa de Maria
I99: 3 - Salto da Fé
I100: 4 - Cabana
I101: 5 - Casa da Misericórdia
I102: 6 - Metrô
I103: 7 - Paredão
I104: 8 - Casa do Pai
I105: 9 - Espelho
A106: Cor: Rosa | E106: Tribo Levi
A107: Anjos: | G107: Anjo Guardião:
A110: Rogério Melauro | G110: Karolyne Queiroz
A111: Letícia
A113: Ficha ✏️ | B113: Nome | C113: Peso | D113: Alt | E113: Idade | F113: Cidade | G113: Camiseta | H113: Celular | I113: ⚠️ Alerta / Observações | J113: Sexo
A114: 42 | B114: =IFERROR(VLOOKUP(A114,'Cadastro Geral Campistas'!$A:$R,2,0),"") | C114: =IFERROR(VLOOKUP(A114,'Cadastro Geral Campistas'!$A:$R,5,0),"") | D114: =IFERROR(VLOOKUP(A114,'Cadastro Geral Campistas'!$A:$R,6,0),"") | E114: =IFERROR(VLOOKUP(A114,'Cadastro Geral Campistas'!$A:$R,7,0),"") | F114: =IFERROR(VLOOKUP(A114,'Cadastro Geral Campistas'!$A:$R,9,0),"") | G114: =IFERROR(VLOOKUP(A114,'Cadastro Geral Campistas'!$A:$R,3,0),"") | H114: =IFERROR(VLOOKUP(A114,'Cadastro Geral Campistas'!$A:$R,8,0),"") | I114: =IF(AND(IFERROR(VLOOKUP(A114,'Cadastro Geral Campistas'!$A:$R,18,0),0)>0,COUNTIF($A$114:$A$129,IFERROR(VLOOKUP(A114,'Cadastro Geral Campistas'!$A:$R,18,0),0))>0),"⚠️ CONFLITO! Cônjuge na mesma tribo: "&IFERROR(VLOOKUP(IFERROR(VLOOKUP(A114,'Cadastro Geral Campistas'!$A:$R,18,0),0),'Cadastro Geral Campistas'!$A:$R,2,""),""),TRIM(IF(AND(IFERROR(VLOOKUP(A114,'Cadastro Geral Campistas'!$A:$R,10,0),"")<>"",LOWER(TRIM(IFERROR(VLOOKUP(A114,'Cadastro Geral Campistas'!$A:$R,10,0),"")))<>"não",LOWER(TRIM(IFERROR(VLOOKUP(A114,'Cadastro Geral Campistas'!$A:$R,10,0),"")))<>"nao",LOWER(TRIM(IFERROR(VLOOKUP(A114,'Cadastro Geral Campistas'!$A:$R,10,0),"")))<>"0"),IFERROR(VLOOKUP(A114,'Cadastro Geral Campistas'!$A:$R,10,0),"")&IF(AND(IFERROR(VLOOKUP(A114,'Cadastro Geral Campistas'!$A:$R,15,0),"")<>"",LOWER(TRIM(IFERROR(VLOOKUP(A114,'Cadastro Geral Campistas'!$A:$R,15,0),"")))<>"não",LOWER(TRIM(IFERROR(VLOOKUP(A114,'Cadastro Geral Campistas'!$A:$R,15,0),"")))<>"nao",LOWER(TRIM(IFERROR(VLOOKUP(A114,'Cadastro Geral Campistas'!$A:$R,15,0),"")))<>"0")," | Alergia: "&IFERROR(VLOOKUP(A114,'Cadastro Geral Campistas'!$A:$R,15,0),""),""),IF(AND(IFERROR(VLOOKUP(A114,'Cadastro Geral Campistas'!$A:$R,15,0),"")<>"",LOWER(TRIM(IFERROR(VLOOKUP(A114,'Cadastro Geral Campistas'!$A:$R,15,0),"")))<>"não",LOWER(TRIM(IFERROR(VLOOKUP(A114,'Cadastro Geral Campistas'!$A:$R,15,0),"")))<>"nao",LOWER(TRIM(IFERROR(VLOOKUP(A114,'Cadastro Geral Campistas'!$A:$R,15,0),"")))<>"0"),"Alergia: "&IFERROR(VLOOKUP(A114,'Cadastro Geral Campistas'!$A:$R,15,0),""),"")))) | J114: =IFERROR(VLOOKUP(A114,'Cadastro Geral Campistas'!$A:$R,4,0),"")
A115: 69 | B115: =IFERROR(VLOOKUP(A115,'Cadastro Geral Campistas'!$A:$R,2,0),"") | C115: =IFERROR(VLOOKUP(A115,'Cadastro Geral Campistas'!$A:$R,5,0),"") | D115: =IFERROR(VLOOKUP(A115,'Cadastro Geral Campistas'!$A:$R,6,0),"") | E115: =IFERROR(VLOOKUP(A115,'Cadastro Geral Campistas'!$A:$R,7,0),"") | F115: =IFERROR(VLOOKUP(A115,'Cadastro Geral Campistas'!$A:$R,9,0),"") | G115: =IFERROR(VLOOKUP(A115,'Cadastro Geral Campistas'!$A:$R,3,0),"") | H115: =IFERROR(VLOOKUP(A115,'Cadastro Geral Campistas'!$A:$R,8,0),"") | I115: =IF(AND(IFERROR(VLOOKUP(A115,'Cadastro Geral Campistas'!$A:$R,18,0),0)>0,COUNTIF($A$114:$A$129,IFERROR(VLOOKUP(A115,'Cadastro Geral Campistas'!$A:$R,18,0),0))>0),"⚠️ CONFLITO! Cônjuge na mesma tribo: "&IFERROR(VLOOKUP(IFERROR(VLOOKUP(A115,'Cadastro Geral Campistas'!$A:$R,18,0),0),'Cadastro Geral Campistas'!$A:$R,2,""),""),TRIM(IF(AND(IFERROR(VLOOKUP(A115,'Cadastro Geral Campistas'!$A:$R,10,0),"")<>"",LOWER(TRIM(IFERROR(VLOOKUP(A115,'Cadastro Geral Campistas'!$A:$R,10,0),"")))<>"não",LOWER(TRIM(IFERROR(VLOOKUP(A115,'Cadastro Geral Campistas'!$A:$R,10,0),"")))<>"nao",LOWER(TRIM(IFERROR(VLOOKUP(A115,'Cadastro Geral Campistas'!$A:$R,10,0),"")))<>"0"),IFERROR(VLOOKUP(A115,'Cadastro Geral Campistas'!$A:$R,10,0),"")&IF(AND(IFERROR(VLOOKUP(A115,'Cadastro Geral Campistas'!$A:$R,15,0),"")<>"",LOWER(TRIM(IFERROR(VLOOKUP(A115,'Cadastro Geral Campistas'!$A:$R,15,0),"")))<>"não",LOWER(TRIM(IFERROR(VLOOKUP(A115,'Cadastro Geral Campistas'!$A:$R,15,0),"")))<>"nao",LOWER(TRIM(IFERROR(VLOOKUP(A115,'Cadastro Geral Campistas'!$A:$R,15,0),"")))<>"0")," | Alergia: "&IFERROR(VLOOKUP(A115,'Cadastro Geral Campistas'!$A:$R,15,0),""),""),IF(AND(IFERROR(VLOOKUP(A115,'Cadastro Geral Campistas'!$A:$R,15,0),"")<>"",LOWER(TRIM(IFERROR(VLOOKUP(A115,'Cadastro Geral Campistas'!$A:$R,15,0),"")))<>"não",LOWER(TRIM(IFERROR(VLOOKUP(A115,'Cadastro Geral Campistas'!$A:$R,15,0),"")))<>"nao",LOWER(TRIM(IFERROR(VLOOKUP(A115,'Cadastro Geral Campistas'!$A:$R,15,0),"")))<>"0"),"Alergia: "&IFERROR(VLOOKUP(A115,'Cadastro Geral Campistas'!$A:$R,15,0),""),"")))) | J115: =IFERROR(VLOOKUP(A115,'Cadastro Geral Campistas'!$A:$R,4,0),"")
A116: 85 | B116: =IFERROR(VLOOKUP(A116,'Cadastro Geral Campistas'!$A:$R,2,0),"") | C116: =IFERROR(VLOOKUP(A116,'Cadastro Geral Campistas'!$A:$R,5,0),"") | D116: =IFERROR(VLOOKUP(A116,'Cadastro Geral Campistas'!$A:$R,6,0),"") | E116: =IFERROR(VLOOKUP(A116,'Cadastro Geral Campistas'!$A:$R,7,0),"") | F116: =IFERROR(VLOOKUP(A116,'Cadastro Geral Campistas'!$A:$R,9,0),"") | G116: =IFERROR(VLOOKUP(A116,'Cadastro Geral Campistas'!$A:$R,3,0),"") | H116: =IFERROR(VLOOKUP(A116,'Cadastro Geral Campistas'!$A:$R,8,0),"") | I116: =IF(AND(IFERROR(VLOOKUP(A116,'Cadastro Geral Campistas'!$A:$R,18,0),0)>0,COUNTIF($A$114:$A$129,IFERROR(VLOOKUP(A116,'Cadastro Geral Campistas'!$A:$R,18,0),0))>0),"⚠️ CONFLITO! Cônjuge na mesma tribo: "&IFERROR(VLOOKUP(IFERROR(VLOOKUP(A116,'Cadastro Geral Campistas'!$A:$R,18,0),0),'Cadastro Geral Campistas'!$A:$R,2,""),""),TRIM(IF(AND(IFERROR(VLOOKUP(A116,'Cadastro Geral Campistas'!$A:$R,10,0),"")<>"",LOWER(TRIM(IFERROR(VLOOKUP(A116,'Cadastro Geral Campistas'!$A:$R,10,0),"")))<>"não",LOWER(TRIM(IFERROR(VLOOKUP(A116,'Cadastro Geral Campistas'!$A:$R,10,0),"")))<>"nao",LOWER(TRIM(IFERROR(VLOOKUP(A116,'Cadastro Geral Campistas'!$A:$R,10,0),"")))<>"0"),IFERROR(VLOOKUP(A116,'Cadastro Geral Campistas'!$A:$R,10,0),"")&IF(AND(IFERROR(VLOOKUP(A116,'Cadastro Geral Campistas'!$A:$R,15,0),"")<>"",LOWER(TRIM(IFERROR(VLOOKUP(A116,'Cadastro Geral Campistas'!$A:$R,15,0),"")))<>"não",LOWER(TRIM(IFERROR(VLOOKUP(A116,'Cadastro Geral Campistas'!$A:$R,15,0),"")))<>"nao",LOWER(TRIM(IFERROR(VLOOKUP(A116,'Cadastro Geral Campistas'!$A:$R,15,0),"")))<>"0")," | Alergia: "&IFERROR(VLOOKUP(A116,'Cadastro Geral Campistas'!$A:$R,15,0),""),""),IF(AND(IFERROR(VLOOKUP(A116,'Cadastro Geral Campistas'!$A:$R,15,0),"")<>"",LOWER(TRIM(IFERROR(VLOOKUP(A116,'Cadastro Geral Campistas'!$A:$R,15,0),"")))<>"não",LOWER(TRIM(IFERROR(VLOOKUP(A116,'Cadastro Geral Campistas'!$A:$R,15,0),"")))<>"nao",LOWER(TRIM(IFERROR(VLOOKUP(A116,'Cadastro Geral Campistas'!$A:$R,15,0),"")))<>"0"),"Alergia: "&IFERROR(VLOOKUP(A116,'Cadastro Geral Campistas'!$A:$R,15,0),""),"")))) | J116: =IFERROR(VLOOKUP(A116,'Cadastro Geral Campistas'!$A:$R,4,0),"")
A117: 88 | B117: =IFERROR(VLOOKUP(A117,'Cadastro Geral Campistas'!$A:$R,2,0),"") | C117: =IFERROR(VLOOKUP(A117,'Cadastro Geral Campistas'!$A:$R,5,0),"") | D117: =IFERROR(VLOOKUP(A117,'Cadastro Geral Campistas'!$A:$R,6,0),"") | E117: =IFERROR(VLOOKUP(A117,'Cadastro Geral Campistas'!$A:$R,7,0),"") | F117: =IFERROR(VLOOKUP(A117,'Cadastro Geral Campistas'!$A:$R,9,0),"") | G117: =IFERROR(VLOOKUP(A117,'Cadastro Geral Campistas'!$A:$R,3,0),"") | H117: =IFERROR(VLOOKUP(A117,'Cadastro Geral Campistas'!$A:$R,8,0),"") | I117: =IF(AND(IFERROR(VLOOKUP(A117,'Cadastro Geral Campistas'!$A:$R,18,0),0)>0,COUNTIF($A$114:$A$129,IFERROR(VLOOKUP(A117,'Cadastro Geral Campistas'!$A:$R,18,0),0))>0),"⚠️ CONFLITO! Cônjuge na mesma tribo: "&IFERROR(VLOOKUP(IFERROR(VLOOKUP(A117,'Cadastro Geral Campistas'!$A:$R,18,0),0),'Cadastro Geral Campistas'!$A:$R,2,""),""),TRIM(IF(AND(IFERROR(VLOOKUP(A117,'Cadastro Geral Campistas'!$A:$R,10,0),"")<>"",LOWER(TRIM(IFERROR(VLOOKUP(A117,'Cadastro Geral Campistas'!$A:$R,10,0),"")))<>"não",LOWER(TRIM(IFERROR(VLOOKUP(A117,'Cadastro Geral Campistas'!$A:$R,10,0),"")))<>"nao",LOWER(TRIM(IFERROR(VLOOKUP(A117,'Cadastro Geral Campistas'!$A:$R,10,0),"")))<>"0"),IFERROR(VLOOKUP(A117,'Cadastro Geral Campistas'!$A:$R,10,0),"")&IF(AND(IFERROR(VLOOKUP(A117,'Cadastro Geral Campistas'!$A:$R,15,0),"")<>"",LOWER(TRIM(IFERROR(VLOOKUP(A117,'Cadastro Geral Campistas'!$A:$R,15,0),"")))<>"não",LOWER(TRIM(IFERROR(VLOOKUP(A117,'Cadastro Geral Campistas'!$A:$R,15,0),"")))<>"nao",LOWER(TRIM(IFERROR(VLOOKUP(A117,'Cadastro Geral Campistas'!$A:$R,15,0),"")))<>"0")," | Alergia: "&IFERROR(VLOOKUP(A117,'Cadastro Geral Campistas'!$A:$R,15,0),""),""),IF(AND(IFERROR(VLOOKUP(A117,'Cadastro Geral Campistas'!$A:$R,15,0),"")<>"",LOWER(TRIM(IFERROR(VLOOKUP(A117,'Cadastro Geral Campistas'!$A:$R,15,0),"")))<>"não",LOWER(TRIM(IFERROR(VLOOKUP(A117,'Cadastro Geral Campistas'!$A:$R,15,0),"")))<>"nao",LOWER(TRIM(IFERROR(VLOOKUP(A117,'Cadastro Geral Campistas'!$A:$R,15,0),"")))<>"0"),"Alergia: "&IFERROR(VLOOKUP(A117,'Cadastro Geral Campistas'!$A:$R,15,0),""),"")))) | J117: =IFERROR(VLOOKUP(A117,'Cadastro Geral Campistas'!$A:$R,4,0),"")
A118: 99 | B118: =IFERROR(VLOOKUP(A118,'Cadastro Geral Campistas'!$A:$R,2,0),"") | C118: =IFERROR(VLOOKUP(A118,'Cadastro Geral Campistas'!$A:$R,5,0),"") | D118: =IFERROR(VLOOKUP(A118,'Cadastro Geral Campistas'!$A:$R,6,0),"") | E118: =IFERROR(VLOOKUP(A118,'Cadastro Geral Campistas'!$A:$R,7,0),"") | F118: =IFERROR(VLOOKUP(A118,'Cadastro Geral Campistas'!$A:$R,9,0),"") | G118: =IFERROR(VLOOKUP(A118,'Cadastro Geral Campistas'!$A:$R,3,0),"") | H118: =IFERROR(VLOOKUP(A118,'Cadastro Geral Campistas'!$A:$R,8,0),"") | I118: =IF(AND(IFERROR(VLOOKUP(A118,'Cadastro Geral Campistas'!$A:$R,18,0),0)>0,COUNTIF($A$114:$A$129,IFERROR(VLOOKUP(A118,'Cadastro Geral Campistas'!$A:$R,18,0),0))>0),"⚠️ CONFLITO! Cônjuge na mesma tribo: "&IFERROR(VLOOKUP(IFERROR(VLOOKUP(A118,'Cadastro Geral Campistas'!$A:$R,18,0),0),'Cadastro Geral Campistas'!$A:$R,2,""),""),TRIM(IF(AND(IFERROR(VLOOKUP(A118,'Cadastro Geral Campistas'!$A:$R,10,0),"")<>"",LOWER(TRIM(IFERROR(VLOOKUP(A118,'Cadastro Geral Campistas'!$A:$R,10,0),"")))<>"não",LOWER(TRIM(IFERROR(VLOOKUP(A118,'Cadastro Geral Campistas'!$A:$R,10,0),"")))<>"nao",LOWER(TRIM(IFERROR(VLOOKUP(A118,'Cadastro Geral Campistas'!$A:$R,10,0),"")))<>"0"),IFERROR(VLOOKUP(A118,'Cadastro Geral Campistas'!$A:$R,10,0),"")&IF(AND(IFERROR(VLOOKUP(A118,'Cadastro Geral Campistas'!$A:$R,15,0),"")<>"",LOWER(TRIM(IFERROR(VLOOKUP(A118,'Cadastro Geral Campistas'!$A:$R,15,0),"")))<>"não",LOWER(TRIM(IFERROR(VLOOKUP(A118,'Cadastro Geral Campistas'!$A:$R,15,0),"")))<>"nao",LOWER(TRIM(IFERROR(VLOOKUP(A118,'Cadastro Geral Campistas'!$A:$R,15,0),"")))<>"0")," | Alergia: "&IFERROR(VLOOKUP(A118,'Cadastro Geral Campistas'!$A:$R,15,0),""),""),IF(AND(IFERROR(VLOOKUP(A118,'Cadastro Geral Campistas'!$A:$R,15,0),"")<>"",LOWER(TRIM(IFERROR(VLOOKUP(A118,'Cadastro Geral Campistas'!$A:$R,15,0),"")))<>"não",LOWER(TRIM(IFERROR(VLOOKUP(A118,'Cadastro Geral Campistas'!$A:$R,15,0),"")))<>"nao",LOWER(TRIM(IFERROR(VLOOKUP(A118,'Cadastro Geral Campistas'!$A:$R,15,0),"")))<>"0"),"Alergia: "&IFERROR(VLOOKUP(A118,'Cadastro Geral Campistas'!$A:$R,15,0),""),"")))) | J118: =IFERROR(VLOOKUP(A118,'Cadastro Geral Campistas'!$A:$R,4,0),"")
A119: 124 | B119: =IFERROR(VLOOKUP(A119,'Cadastro Geral Campistas'!$A:$R,2,0),"") | C119: =IFERROR(VLOOKUP(A119,'Cadastro Geral Campistas'!$A:$R,5,0),"") | D119: =IFERROR(VLOOKUP(A119,'Cadastro Geral Campistas'!$A:$R,6,0),"") | E119: =IFERROR(VLOOKUP(A119,'Cadastro Geral Campistas'!$A:$R,7,0),"") | F119: =IFERROR(VLOOKUP(A119,'Cadastro Geral Campistas'!$A:$R,9,0),"") | G119: =IFERROR(VLOOKUP(A119,'Cadastro Geral Campistas'!$A:$R,3,0),"") | H119: =IFERROR(VLOOKUP(A119,'Cadastro Geral Campistas'!$A:$R,8,0),"") | I119: =IF(AND(IFERROR(VLOOKUP(A119,'Cadastro Geral Campistas'!$A:$R,18,0),0)>0,COUNTIF($A$114:$A$129,IFERROR(VLOOKUP(A119,'Cadastro Geral Campistas'!$A:$R,18,0),0))>0),"⚠️ CONFLITO! Cônjuge na mesma tribo: "&IFERROR(VLOOKUP(IFERROR(VLOOKUP(A119,'Cadastro Geral Campistas'!$A:$R,18,0),0),'Cadastro Geral Campistas'!$A:$R,2,""),""),TRIM(IF(AND(IFERROR(VLOOKUP(A119,'Cadastro Geral Campistas'!$A:$R,10,0),"")<>"",LOWER(TRIM(IFERROR(VLOOKUP(A119,'Cadastro Geral Campistas'!$A:$R,10,0),"")))<>"não",LOWER(TRIM(IFERROR(VLOOKUP(A119,'Cadastro Geral Campistas'!$A:$R,10,0),"")))<>"nao",LOWER(TRIM(IFERROR(VLOOKUP(A119,'Cadastro Geral Campistas'!$A:$R,10,0),"")))<>"0"),IFERROR(VLOOKUP(A119,'Cadastro Geral Campistas'!$A:$R,10,0),"")&IF(AND(IFERROR(VLOOKUP(A119,'Cadastro Geral Campistas'!$A:$R,15,0),"")<>"",LOWER(TRIM(IFERROR(VLOOKUP(A119,'Cadastro Geral Campistas'!$A:$R,15,0),"")))<>"não",LOWER(TRIM(IFERROR(VLOOKUP(A119,'Cadastro Geral Campistas'!$A:$R,15,0),"")))<>"nao",LOWER(TRIM(IFERROR(VLOOKUP(A119,'Cadastro Geral Campistas'!$A:$R,15,0),"")))<>"0")," | Alergia: "&IFERROR(VLOOKUP(A119,'Cadastro Geral Campistas'!$A:$R,15,0),""),""),IF(AND(IFERROR(VLOOKUP(A119,'Cadastro Geral Campistas'!$A:$R,15,0),"")<>"",LOWER(TRIM(IFERROR(VLOOKUP(A119,'Cadastro Geral Campistas'!$A:$R,15,0),"")))<>"não",LOWER(TRIM(IFERROR(VLOOKUP(A119,'Cadastro Geral Campistas'!$A:$R,15,0),"")))<>"nao",LOWER(TRIM(IFERROR(VLOOKUP(A119,'Cadastro Geral Campistas'!$A:$R,15,0),"")))<>"0"),"Alergia: "&IFERROR(VLOOKUP(A119,'Cadastro Geral Campistas'!$A:$R,15,0),""),"")))) | J119: =IFERROR(VLOOKUP(A119,'Cadastro Geral Campistas'!$A:$R,4,0),"")
A120: 125 | B120: =IFERROR(VLOOKUP(A120,'Cadastro Geral Campistas'!$A:$R,2,0),"") | C120: =IFERROR(VLOOKUP(A120,'Cadastro Geral Campistas'!$A:$R,5,0),"") | D120: =IFERROR(VLOOKUP(A120,'Cadastro Geral Campistas'!$A:$R,6,0),"") | E120: =IFERROR(VLOOKUP(A120,'Cadastro Geral Campistas'!$A:$R,7,0),"") | F120: =IFERROR(VLOOKUP(A120,'Cadastro Geral Campistas'!$A:$R,9,0),"") | G120: =IFERROR(VLOOKUP(A120,'Cadastro Geral Campistas'!$A:$R,3,0),"") | H120: =IFERROR(VLOOKUP(A120,'Cadastro Geral Campistas'!$A:$R,8,0),"") | I120: =IF(AND(IFERROR(VLOOKUP(A120,'Cadastro Geral Campistas'!$A:$R,18,0),0)>0,COUNTIF($A$114:$A$129,IFERROR(VLOOKUP(A120,'Cadastro Geral Campistas'!$A:$R,18,0),0))>0),"⚠️ CONFLITO! Cônjuge na mesma tribo: "&IFERROR(VLOOKUP(IFERROR(VLOOKUP(A120,'Cadastro Geral Campistas'!$A:$R,18,0),0),'Cadastro Geral Campistas'!$A:$R,2,""),""),TRIM(IF(AND(IFERROR(VLOOKUP(A120,'Cadastro Geral Campistas'!$A:$R,10,0),"")<>"",LOWER(TRIM(IFERROR(VLOOKUP(A120,'Cadastro Geral Campistas'!$A:$R,10,0),"")))<>"não",LOWER(TRIM(IFERROR(VLOOKUP(A120,'Cadastro Geral Campistas'!$A:$R,10,0),"")))<>"nao",LOWER(TRIM(IFERROR(VLOOKUP(A120,'Cadastro Geral Campistas'!$A:$R,10,0),"")))<>"0"),IFERROR(VLOOKUP(A120,'Cadastro Geral Campistas'!$A:$R,10,0),"")&IF(AND(IFERROR(VLOOKUP(A120,'Cadastro Geral Campistas'!$A:$R,15,0),"")<>"",LOWER(TRIM(IFERROR(VLOOKUP(A120,'Cadastro Geral Campistas'!$A:$R,15,0),"")))<>"não",LOWER(TRIM(IFERROR(VLOOKUP(A120,'Cadastro Geral Campistas'!$A:$R,15,0),"")))<>"nao",LOWER(TRIM(IFERROR(VLOOKUP(A120,'Cadastro Geral Campistas'!$A:$R,15,0),"")))<>"0")," | Alergia: "&IFERROR(VLOOKUP(A120,'Cadastro Geral Campistas'!$A:$R,15,0),""),""),IF(AND(IFERROR(VLOOKUP(A120,'Cadastro Geral Campistas'!$A:$R,15,0),"")<>"",LOWER(TRIM(IFERROR(VLOOKUP(A120,'Cadastro Geral Campistas'!$A:$R,15,0),"")))<>"não",LOWER(TRIM(IFERROR(VLOOKUP(A120,'Cadastro Geral Campistas'!$A:$R,15,0),"")))<>"nao",LOWER(TRIM(IFERROR(VLOOKUP(A120,'Cadastro Geral Campistas'!$A:$R,15,0),"")))<>"0"),"Alergia: "&IFERROR(VLOOKUP(A120,'Cadastro Geral Campistas'!$A:$R,15,0),""),"")))) | J120: =IFERROR(VLOOKUP(A120,'Cadastro Geral Campistas'!$A:$R,4,0),"")
A121: 138 | B121: =IFERROR(VLOOKUP(A121,'Cadastro Geral Campistas'!$A:$R,2,0),"") | C121: =IFERROR(VLOOKUP(A121,'Cadastro Geral Campistas'!$A:$R,5,0),"") | D121: =IFERROR(VLOOKUP(A121,'Cadastro Geral Campistas'!$A:$R,6,0),"") | E121: =IFERROR(VLOOKUP(A121,'Cadastro Geral Campistas'!$A:$R,7,0),"") | F121: =IFERROR(VLOOKUP(A121,'Cadastro Geral Campistas'!$A:$R,9,0),"") | G121: =IFERROR(VLOOKUP(A121,'Cadastro Geral Campistas'!$A:$R,3,0),"") | H121: =IFERROR(VLOOKUP(A121,'Cadastro Geral Campistas'!$A:$R,8,0),"") | I121: =IF(AND(IFERROR(VLOOKUP(A121,'Cadastro Geral Campistas'!$A:$R,18,0),0)>0,COUNTIF($A$114:$A$129,IFERROR(VLOOKUP(A121,'Cadastro Geral Campistas'!$A:$R,18,0),0))>0),"⚠️ CONFLITO! Cônjuge na mesma tribo: "&IFERROR(VLOOKUP(IFERROR(VLOOKUP(A121,'Cadastro Geral Campistas'!$A:$R,18,0),0),'Cadastro Geral Campistas'!$A:$R,2,""),""),TRIM(IF(AND(IFERROR(VLOOKUP(A121,'Cadastro Geral Campistas'!$A:$R,10,0),"")<>"",LOWER(TRIM(IFERROR(VLOOKUP(A121,'Cadastro Geral Campistas'!$A:$R,10,0),"")))<>"não",LOWER(TRIM(IFERROR(VLOOKUP(A121,'Cadastro Geral Campistas'!$A:$R,10,0),"")))<>"nao",LOWER(TRIM(IFERROR(VLOOKUP(A121,'Cadastro Geral Campistas'!$A:$R,10,0),"")))<>"0"),IFERROR(VLOOKUP(A121,'Cadastro Geral Campistas'!$A:$R,10,0),"")&IF(AND(IFERROR(VLOOKUP(A121,'Cadastro Geral Campistas'!$A:$R,15,0),"")<>"",LOWER(TRIM(IFERROR(VLOOKUP(A121,'Cadastro Geral Campistas'!$A:$R,15,0),"")))<>"não",LOWER(TRIM(IFERROR(VLOOKUP(A121,'Cadastro Geral Campistas'!$A:$R,15,0),"")))<>"nao",LOWER(TRIM(IFERROR(VLOOKUP(A121,'Cadastro Geral Campistas'!$A:$R,15,0),"")))<>"0")," | Alergia: "&IFERROR(VLOOKUP(A121,'Cadastro Geral Campistas'!$A:$R,15,0),""),""),IF(AND(IFERROR(VLOOKUP(A121,'Cadastro Geral Campistas'!$A:$R,15,0),"")<>"",LOWER(TRIM(IFERROR(VLOOKUP(A121,'Cadastro Geral Campistas'!$A:$R,15,0),"")))<>"não",LOWER(TRIM(IFERROR(VLOOKUP(A121,'Cadastro Geral Campistas'!$A:$R,15,0),"")))<>"nao",LOWER(TRIM(IFERROR(VLOOKUP(A121,'Cadastro Geral Campistas'!$A:$R,15,0),"")))<>"0"),"Alergia: "&IFERROR(VLOOKUP(A121,'Cadastro Geral Campistas'!$A:$R,15,0),""),"")))) | J121: =IFERROR(VLOOKUP(A121,'Cadastro Geral Campistas'!$A:$R,4,0),"")
...

Sheet Relatorio Chamada Onibus
A1: =CONCATENATE("ÔNIBUS 01 — ",COUNTA(A3:A38)," campistas")
A2: FC ✏️ | B2: CAMPISTAS | C2: CIDADE | D2: TRIBO | E2: FONE: | F2: CELULAR | G2: EMBARCOU ✅
A3: 3 | B3: =IFERROR(VLOOKUP(A3,'Cadastro Geral Campistas'!$A:$R,2,0),"") | C3: =IFERROR(VLOOKUP(A3,'Cadastro Geral Campistas'!$A:$R,9,0),"") | D3: =IFERROR(VLOOKUP(A3,'Cadastro Geral Campistas'!$A:$R,17,0),"") | F3: =IFERROR(VLOOKUP(A3,'Cadastro Geral Campistas'!$A:$R,8,0),"")
A4: 100 | B4: =IFERROR(VLOOKUP(A4,'Cadastro Geral Campistas'!$A:$R,2,0),"") | C4: =IFERROR(VLOOKUP(A4,'Cadastro Geral Campistas'!$A:$R,9,0),"") | D4: =IFERROR(VLOOKUP(A4,'Cadastro Geral Campistas'!$A:$R,17,0),"") | F4: =IFERROR(VLOOKUP(A4,'Cadastro Geral Campistas'!$A:$R,8,0),"")
A5: 19 | B5: =IFERROR(VLOOKUP(A5,'Cadastro Geral Campistas'!$A:$R,2,0),"") | C5: =IFERROR(VLOOKUP(A5,'Cadastro Geral Campistas'!$A:$R,9,0),"") | D5: =IFERROR(VLOOKUP(A5,'Cadastro Geral Campistas'!$A:$R,17,0),"") | F5: =IFERROR(VLOOKUP(A5,'Cadastro Geral Campistas'!$A:$R,8,0),"")
A6: 71 | B6: =IFERROR(VLOOKUP(A6,'Cadastro Geral Campistas'!$A:$R,2,0),"") | C6: =IFERROR(VLOOKUP(A6,'Cadastro Geral Campistas'!$A:$R,9,0),"") | D6: =IFERROR(VLOOKUP(A6,'Cadastro Geral Campistas'!$A:$R,17,0),"") | F6: =IFERROR(VLOOKUP(A6,'Cadastro Geral Campistas'!$A:$R,8,0),"")
A7: 91 | B7: =IFERROR(VLOOKUP(A7,'Cadastro Geral Campistas'!$A:$R,2,0),"") | C7: =IFERROR(VLOOKUP(A7,'Cadastro Geral Campistas'!$A:$R,9,0),"") | D7: =IFERROR(VLOOKUP(A7,'Cadastro Geral Campistas'!$A:$R,17,0),"") | F7: =IFERROR(VLOOKUP(A7,'Cadastro Geral Campistas'!$A:$R,8,0),"")
A8: 137 | B8: =IFERROR(VLOOKUP(A8,'Cadastro Geral Campistas'!$A:$R,2,0),"") | C8: =IFERROR(VLOOKUP(A8,'Cadastro Geral Campistas'!$A:$R,9,0),"") | D8: =IFERROR(VLOOKUP(A8,'Cadastro Geral Campistas'!$A:$R,17,0),"") | F8: =IFERROR(VLOOKUP(A8,'Cadastro Geral Campistas'!$A:$R,8,0),"")
A9: 6 | B9: =IFERROR(VLOOKUP(A9,'Cadastro Geral Campistas'!$A:$R,2,0),"") | C9: =IFERROR(VLOOKUP(A9,'Cadastro Geral Campistas'!$A:$R,9,0),"") | D9: =IFERROR(VLOOKUP(A9,'Cadastro Geral Campistas'!$A:$R,17,0),"") | F9: =IFERROR(VLOOKUP(A9,'Cadastro Geral Campistas'!$A:$R,8,0),"")
A10: 13 | B10: =IFERROR(VLOOKUP(A10,'Cadastro Geral Campistas'!$A:$R,2,0),"") | C10: =IFERROR(VLOOKUP(A10,'Cadastro Geral Campistas'!$A:$R,9,0),"") | D10: =IFERROR(VLOOKUP(A10,'Cadastro Geral Campistas'!$A:$R,17,0),"") | F10: =IFERROR(VLOOKUP(A10,'Cadastro Geral Campistas'!$A:$R,8,0),"")
A11: 18 | B11: =IFERROR(VLOOKUP(A11,'Cadastro Geral Campistas'!$A:$R,2,0),"") | C11: =IFERROR(VLOOKUP(A11,'Cadastro Geral Campistas'!$A:$R,9,0),"") | D11: =IFERROR(VLOOKUP(A11,'Cadastro Geral Campistas'!$A:$R,17,0),"") | F11: =IFERROR(VLOOKUP(A11,'Cadastro Geral Campistas'!$A:$R,8,0),"")
A12: 24 | B12: =IFERROR(VLOOKUP(A12,'Cadastro Geral Campistas'!$A:$R,2,0),"") | C12: =IFERROR(VLOOKUP(A12,'Cadastro Geral Campistas'!$A:$R,9,0),"") | D12: =IFERROR(VLOOKUP(A12,'Cadastro Geral Campistas'!$A:$R,17,0),"") | F12: =IFERROR(VLOOKUP(A12,'Cadastro Geral Campistas'!$A:$R,8,0),"")
A13: 29 | B13: =IFERROR(VLOOKUP(A13,'Cadastro Geral Campistas'!$A:$R,2,0),"") | C13: =IFERROR(VLOOKUP(A13,'Cadastro Geral Campistas'!$A:$R,9,0),"") | D13: =IFERROR(VLOOKUP(A13,'Cadastro Geral Campistas'!$A:$R,17,0),"") | F13: =IFERROR(VLOOKUP(A13,'Cadastro Geral Campistas'!$A:$R,8,0),"")
A14: 35 | B14: =IFERROR(VLOOKUP(A14,'Cadastro Geral Campistas'!$A:$R,2,0),"") | C14: =IFERROR(VLOOKUP(A14,'Cadastro Geral Campistas'!$A:$R,9,0),"") | D14: =IFERROR(VLOOKUP(A14,'Cadastro Geral Campistas'!$A:$R,17,0),"") | F14: =IFERROR(VLOOKUP(A14,'Cadastro Geral Campistas'!$A:$R,8,0),"")
... A38: 141 | B38: =IFERROR(VLOOKUP(A38,'Cadastro Geral Campistas'!$A:$R,2,0),"") | C38: =IFERROR(VLOOKUP(A38,'Cadastro Geral Campistas'!$A:$R,9,0),"") | D38: =IFERROR(VLOOKUP(A38,'Cadastro Geral Campistas'!$A:$R,17,0),"") | F38: =IFERROR(VLOOKUP(A38,'Cadastro Geral Campistas'!$A:$R,8,0),"")
A40: =CONCATENATE("ÔNIBUS 02 — ",COUNTA(A42:A77)," campistas")
A41: FC ✏️ | B41: CAMPISTAS | C41: CIDADE | D41: TRIBO | E41: FONE: | F41: CELULAR | G41: EMBARCOU ✅
A42: 7 | B42: =IFERROR(VLOOKUP(A42,'Cadastro Geral Campistas'!$A:$R,2,0),"") | C42: =IFERROR(VLOOKUP(A42,'Cadastro Geral Campistas'!$A:$R,9,0),"") | D42: =IFERROR(VLOOKUP(A42,'Cadastro Geral Campistas'!$A:$R,17,0),"") | F42: =IFERROR(VLOOKUP(A42,'Cadastro Geral Campistas'!$A:$R,8,0),"")
A43: 16 | B43: =IFERROR(VLOOKUP(A43,'Cadastro Geral Campistas'!$A:$R,2,0),"") | C43: =IFERROR(VLOOKUP(A43,'Cadastro Geral Campistas'!$A:$R,9,0),"") | D43: =IFERROR(VLOOKUP(A43,'Cadastro Geral Campistas'!$A:$R,17,0),"") | F43: =IFERROR(VLOOKUP(A43,'Cadastro Geral Campistas'!$A:$R,8,0),"")
A44: 21 | B44: =IFERROR(VLOOKUP(A44,'Cadastro Geral Campistas'!$A:$R,2,0),"") | C44: =IFERROR(VLOOKUP(A44,'Cadastro Geral Campistas'!$A:$R,9,0),"") | D44: =IFERROR(VLOOKUP(A44,'Cadastro Geral Campistas'!$A:$R,17,0),"") | F44: =IFERROR(VLOOKUP(A44,'Cadastro Geral Campistas'!$A:$R,8,0),"")
A45: 105 | B45: =IFERROR(VLOOKUP(A45,'Cadastro Geral Campistas'!$A:$R,2,0),"") | C45: =IFERROR(VLOOKUP(A45,'Cadastro Geral Campistas'!$A:$R,9,0),"") | D45: =IFERROR(VLOOKUP(A45,'Cadastro Geral Campistas'!$A:$R,17,0),"") | F45: =IFERROR(VLOOKUP(A45,'Cadastro Geral Campistas'!$A:$R,8,0),"")
A46: 93 | B46: =IFERROR(VLOOKUP(A46,'Cadastro Geral Campistas'!$A:$R,2,0),"") | C46: =IFERROR(VLOOKUP(A46,'Cadastro Geral Campistas'!$A:$R,9,0),"") | D46: =IFERROR(VLOOKUP(A46,'Cadastro Geral Campistas'!$A:$R,17,0),"") | F46: =IFERROR(VLOOKUP(A46,'Cadastro Geral Campistas'!$A:$R,8,0),"")
A47: 119 | B47: =IFERROR(VLOOKUP(A47,'Cadastro Geral Campistas'!$A:$R,2,0),"") | C47: =IFERROR(VLOOKUP(A47,'Cadastro Geral Campistas'!$A:$R,9,0),"") | D47: =IFERROR(VLOOKUP(A47,'Cadastro Geral Campistas'!$A:$R,17,0),"") | F47: =IFERROR(VLOOKUP(A47,'Cadastro Geral Campistas'!$A:$R,8,0),"")
A48: 9 | B48: =IFERROR(VLOOKUP(A48,'Cadastro Geral Campistas'!$A:$R,2,0),"") | C48: =IFERROR(VLOOKUP(A48,'Cadastro Geral Campistas'!$A:$R,9,0),"") | D48: =IFERROR(VLOOKUP(A48,'Cadastro Geral Campistas'!$A:$R,17,0),"") | F48: =IFERROR(VLOOKUP(A48,'Cadastro Geral Campistas'!$A:$R,8,0),"")
A49: 14 | B49: =IFERROR(VLOOKUP(A49,'Cadastro Geral Campistas'!$A:$R,2,0),"") | C49: =IFERROR(VLOOKUP(A49,'Cadastro Geral Campistas'!$A:$R,9,0),"") | D49: =IFERROR(VLOOKUP(A49,'Cadastro Geral Campistas'!$A:$R,17,0),"") | F49: =IFERROR(VLOOKUP(A49,'Cadastro Geral Campistas'!$A:$R,8,0),"")
A50: 20 | B50: =IFERROR(VLOOKUP(A50,'Cadastro Geral Campistas'!$A:$R,2,0),"") | C50: =IFERROR(VLOOKUP(A50,'Cadastro Geral Campistas'!$A:$R,9,0),"") | D50: =IFERROR(VLOOKUP(A50,'Cadastro Geral Campistas'!$A:$R,17,0),"") | F50: =IFERROR(VLOOKUP(A50,'Cadastro Geral Campistas'!$A:$R,8,0),"")
A51: 25 | B51: =IFERROR(VLOOKUP(A51,'Cadastro Geral Campistas'!$A:$R,2,0),"") | C51: =IFERROR(VLOOKUP(A51,'Cadastro Geral Campistas'!$A:$R,9,0),"") | D51: =IFERROR(VLOOKUP(A51,'Cadastro Geral Campistas'!$A:$R,17,0),"") | F51: =IFERROR(VLOOKUP(A51,'Cadastro Geral Campistas'!$A:$R,8,0),"")
A52: 30 | B52: =IFERROR(VLOOKUP(A52,'Cadastro Geral Campistas'!$A:$R,2,0),"") | C52: =IFERROR(VLOOKUP(A52,'Cadastro Geral Campistas'!$A:$R,9,0),"") | D52: =IFERROR(VLOOKUP(A52,'Cadastro Geral Campistas'!$A:$R,17,0),"") | F52: =IFERROR(VLOOKUP(A52,'Cadastro Geral Campistas'!$A:$R,8,0),"")
A53: 36 | B53: =IFERROR(VLOOKUP(A53,'Cadastro Geral Campistas'!$A:$R,2,0),"") | C53: =IFERROR(VLOOKUP(A53,'Cadastro Geral Campistas'!$A:$R,9,0),"") | D53: =IFERROR(VLOOKUP(A53,'Cadastro Geral Campistas'!$A:$R,17,0),"") | F53: =IFERROR(VLOOKUP(A53,'Cadastro Geral Campistas'!$A:$R,8,0),"")
... A77: 142 | B77: =IFERROR(VLOOKUP(A77,'Cadastro Geral Campistas'!$A:$R,2,0),"") | C77: =IFERROR(VLOOKUP(A77,'Cadastro Geral Campistas'!$A:$R,9,0),"") | D77: =IFERROR(VLOOKUP(A77,'Cadastro Geral Campistas'!$A:$R,17,0),"") | F77: =IFERROR(VLOOKUP(A77,'Cadastro Geral Campistas'!$A:$R,8,0),"")
A79: =CONCATENATE("ÔNIBUS 03 — ",COUNTA(A81:A116)," campistas")
A80: FC ✏️ | B80: CAMPISTAS | C80: CIDADE | D80: TRIBO | E80: FONE: | F80: CELULAR | G80: EMBARCOU ✅
A81: 8 | B81: =IFERROR(VLOOKUP(A81,'Cadastro Geral Campistas'!$A:$R,2,0),"") | C81: =IFERROR(VLOOKUP(A81,'Cadastro Geral Campistas'!$A:$R,9,0),"") | D81: =IFERROR(VLOOKUP(A81,'Cadastro Geral Campistas'!$A:$R,17,0),"") | F81: =IFERROR(VLOOKUP(A81,'Cadastro Geral Campistas'!$A:$R,8,0),"")
A82: 40 | B82: =IFERROR(VLOOKUP(A82,'Cadastro Geral Campistas'!$A:$R,2,0),"") | C82: =IFERROR(VLOOKUP(A82,'Cadastro Geral Campistas'!$A:$R,9,0),"") | D82: =IFERROR(VLOOKUP(A82,'Cadastro Geral Campistas'!$A:$R,17,0),"") | F82: =IFERROR(VLOOKUP(A82,'Cadastro Geral Campistas'!$A:$R,8,0),"")
A83: 26 | B83: =IFERROR(VLOOKUP(A83,'Cadastro Geral Campistas'!$A:$R,2,0),"") | C83: =IFERROR(VLOOKUP(A83,'Cadastro Geral Campistas'!$A:$R,9,0),"") | D83: =IFERROR(VLOOKUP(A83,'Cadastro Geral Campistas'!$A:$R,17,0),"") | F83: =IFERROR(VLOOKUP(A83,'Cadastro Geral Campistas'!$A:$R,8,0),"")
A84: 82 | B84: =IFERROR(VLOOKUP(A84,'Cadastro Geral Campistas'!$A:$R,2,0),"") | C84: =IFERROR(VLOOKUP(A84,'Cadastro Geral Campistas'!$A:$R,9,0),"") | D84: =IFERROR(VLOOKUP(A84,'Cadastro Geral Campistas'!$A:$R,17,0),"") | F84: =IFERROR(VLOOKUP(A84,'Cadastro Geral Campistas'!$A:$R,8,0),"")
A85: 1 | B85: =IFERROR(VLOOKUP(A85,'Cadastro Geral Campistas'!$A:$R,2,0),"") | C85: =IFERROR(VLOOKUP(A85,'Cadastro Geral Campistas'!$A:$R,9,0),"") | D85: =IFERROR(VLOOKUP(A85,'Cadastro Geral Campistas'!$A:$R,17,0),"") | F85: =IFERROR(VLOOKUP(A85,'Cadastro Geral Campistas'!$A:$R,8,0),"")
A86: 4 | B86: =IFERROR(VLOOKUP(A86,'Cadastro Geral Campistas'!$A:$R,2,0),"") | C86: =IFERROR(VLOOKUP(A86,'Cadastro Geral Campistas'!$A:$R,9,0),"") | D86: =IFERROR(VLOOKUP(A86,'Cadastro Geral Campistas'!$A:$R,17,0),"") | F86: =IFERROR(VLOOKUP(A86,'Cadastro Geral Campistas'!$A:$R,8,0),"")
A87: 10 | B87: =IFERROR(VLOOKUP(A87,'Cadastro Geral Campistas'!$A:$R,2,0),"") | C87: =IFERROR(VLOOKUP(A87,'Cadastro Geral Campistas'!$A:$R,9,0),"") | D87: =IFERROR(VLOOKUP(A87,'Cadastro Geral Campistas'!$A:$R,17,0),"") | F87: =IFERROR(VLOOKUP(A87,'Cadastro Geral Campistas'!$A:$R,8,0),"")
A88: 15 | B88: =IFERROR(VLOOKUP(A88,'Cadastro Geral Campistas'!$A:$R,2,0),"") | C88: =IFERROR(VLOOKUP(A88,'Cadastro Geral Campistas'!$A:$R,9,0),"") | D88: =IFERROR(VLOOKUP(A88,'Cadastro Geral Campistas'!$A:$R,17,0),"") | F88: =IFERROR(VLOOKUP(A88,'Cadastro Geral Campistas'!$A:$R,8,0),"")
A89: 22 | B89: =IFERROR(VLOOKUP(A89,'Cadastro Geral Campistas'!$A:$R,2,0),"") | C89: =IFERROR(VLOOKUP(A89,'Cadastro Geral Campistas'!$A:$R,9,0),"") | D89: =IFERROR(VLOOKUP(A89,'Cadastro Geral Campistas'!$A:$R,17,0),"") | F89: =IFERROR(VLOOKUP(A89,'Cadastro Geral Campistas'!$A:$R,8,0),"")
A90: 27 | B90: =IFERROR(VLOOKUP(A90,'Cadastro Geral Campistas'!$A:$R,2,0),"") | C90: =IFERROR(VLOOKUP(A90,'Cadastro Geral Campistas'!$A:$R,9,0),"") | D90: =IFERROR(VLOOKUP(A90,'Cadastro Geral Campistas'!$A:$R,17,0),"") | F90: =IFERROR(VLOOKUP(A90,'Cadastro Geral Campistas'!$A:$R,8,0),"")
A91: 31 | B91: =IFERROR(VLOOKUP(A91,'Cadastro Geral Campistas'!$A:$R,2,0),"") | C91: =IFERROR(VLOOKUP(A91,'Cadastro Geral Campistas'!$A:$R,9,0),"") | D91: =IFERROR(VLOOKUP(A91,'Cadastro Geral Campistas'!$A:$R,17,0),"") | F91: =IFERROR(VLOOKUP(A91,'Cadastro Geral Campistas'!$A:$R,8,0),"")
A92: 37 | B92: =IFERROR(VLOOKUP(A92,'Cadastro Geral Campistas'!$A:$R,2,0),"") | C92: =IFERROR(VLOOKUP(A92,'Cadastro Geral Campistas'!$A:$R,9,0),"") | D92: =IFERROR(VLOOKUP(A92,'Cadastro Geral Campistas'!$A:$R,17,0),"") | F92: =IFERROR(VLOOKUP(A92,'Cadastro Geral Campistas'!$A:$R,8,0),"")
... A116: 143 | B116: =IFERROR(VLOOKUP(A116,'Cadastro Geral Campistas'!$A:$R,2,0),"") | C116: =IFERROR(VLOOKUP(A116,'Cadastro Geral Campistas'!$A:$R,9,0),"") | D116: =IFERROR(VLOOKUP(A116,'Cadastro Geral Campistas'!$A:$R,17,0),"") | F116: =IFERROR(VLOOKUP(A116,'Cadastro Geral Campistas'!$A:$R,8,0),"")
A118: =CONCATENATE("ÔNIBUS 04 — ",COUNTA(A120:A154)," campistas")
A119: FC ✏️ | B119: CAMPISTAS | C119: CIDADE | D119: TRIBO | E119: FONE: | F119: CELULAR | G119: EMBARCOU ✅
A120: 12 | B120: =IFERROR(VLOOKUP(A120,'Cadastro Geral Campistas'!$A:$R,2,0),"") | C120: =IFERROR(VLOOKUP(A120,'Cadastro Geral Campistas'!$A:$R,9,0),"") | D120: =IFERROR(VLOOKUP(A120,'Cadastro Geral Campistas'!$A:$R,17,0),"") | F120: =IFERROR(VLOOKUP(A120,'Cadastro Geral Campistas'!$A:$R,8,0),"")
A121: 92 | B121: =IFERROR(VLOOKUP(A121,'Cadastro Geral Campistas'!$A:$R,2,0),"") | C121: =IFERROR(VLOOKUP(A121,'Cadastro Geral Campistas'!$A:$R,9,0),"") | D121: =IFERROR(VLOOKUP(A121,'Cadastro Geral Campistas'!$A:$R,17,0),"") | F121: =IFERROR(VLOOKUP(A121,'Cadastro Geral Campistas'!$A:$R,8,0),"")
A122: 32 | B122: =IFERROR(VLOOKUP(A122,'Cadastro Geral Campistas'!$A:$R,2,0),"") | C122: =IFERROR(VLOOKUP(A122,'Cadastro Geral Campistas'!$A:$R,9,0),"") | D122: =IFERROR(VLOOKUP(A122,'Cadastro Geral Campistas'!$A:$R,17,0),"") | F122: =IFERROR(VLOOKUP(A122,'Cadastro Geral Campistas'!$A:$R,8,0),"")
A123: 33 | B123: =IFERROR(VLOOKUP(A123,'Cadastro Geral Campistas'!$A:$R,2,0),"") | C123: =IFERROR(VLOOKUP(A123,'Cadastro Geral Campistas'!$A:$R,9,0),"") | D123: =IFERROR(VLOOKUP(A123,'Cadastro Geral Campistas'!$A:$R,17,0),"") | F123: =IFERROR(VLOOKUP(A123,'Cadastro Geral Campistas'!$A:$R,8,0),"")
A124: 2 | B124: =IFERROR(VLOOKUP(A124,'Cadastro Geral Campistas'!$A:$R,2,0),"") | C124: =IFERROR(VLOOKUP(A124,'Cadastro Geral Campistas'!$A:$R,9,0),"") | D124: =IFERROR(VLOOKUP(A124,'Cadastro Geral Campistas'!$A:$R,17,0),"") | F124: =IFERROR(VLOOKUP(A124,'Cadastro Geral Campistas'!$A:$R,8,0),"")
A125: 5 | B125: =IFERROR(VLOOKUP(A125,'Cadastro Geral Campistas'!$A:$R,2,0),"") | C125: =IFERROR(VLOOKUP(A125,'Cadastro Geral Campistas'!$A:$R,9,0),"") | D125: =IFERROR(VLOOKUP(A125,'Cadastro Geral Campistas'!$A:$R,17,0),"") | F125: =IFERROR(VLOOKUP(A125,'Cadastro Geral Campistas'!$A:$R,8,0),"")
A126: 11 | B126: =IFERROR(VLOOKUP(A126,'Cadastro Geral Campistas'!$A:$R,2,0),"") | C126: =IFERROR(VLOOKUP(A126,'Cadastro Geral Campistas'!$A:$R,9,0),"") | D126: =IFERROR(VLOOKUP(A126,'Cadastro Geral Campistas'!$A:$R,17,0),"") | F126: =IFERROR(VLOOKUP(A126,'Cadastro Geral Campistas'!$A:$R,8,0),"")
A127: 17 | B127: =IFERROR(VLOOKUP(A127,'Cadastro Geral Campistas'!$A:$R,2,0),"") | C127: =IFERROR(VLOOKUP(A127,'Cadastro Geral Campistas'!$A:$R,9,0),"") | D127: =IFERROR(VLOOKUP(A127,'Cadastro Geral Campistas'!$A:$R,17,0),"") | F127: =IFERROR(VLOOKUP(A127,'Cadastro Geral Campistas'!$A:$R,8,0),"")
A128: 23 | B128: =IFERROR(VLOOKUP(A128,'Cadastro Geral Campistas'!$A:$R,2,0),"") | C128: =IFERROR(VLOOKUP(A128,'Cadastro Geral Campistas'!$A:$R,9,0),"") | D128: =IFERROR(VLOOKUP(A128,'Cadastro Geral Campistas'!$A:$R,17,0),"") | F128: =IFERROR(VLOOKUP(A128,'Cadastro Geral Campistas'!$A:$R,8,0),"")
A129: 28 | B129: =IFERROR(VLOOKUP(A129,'Cadastro Geral Campistas'!$A:$R,2,0),"") | C129: =IFERROR(VLOOKUP(A129,'Cadastro Geral Campistas'!$A:$R,9,0),"") | D129: =IFERROR(VLOOKUP(A129,'Cadastro Geral Campistas'!$A:$R,17,0),"") | F129: =IFERROR(VLOOKUP(A129,'Cadastro Geral Campistas'!$A:$R,8,0),"")
A130: 34 | B130: =IFERROR(VLOOKUP(A130,'Cadastro Geral Campistas'!$A:$R,2,0),"") | C130: =IFERROR(VLOOKUP(A130,'Cadastro Geral Campistas'!$A:$R,9,0),"") | D130: =IFERROR(VLOOKUP(A130,'Cadastro Geral Campistas'!$A:$R,17,0),"") | F130: =IFERROR(VLOOKUP(A130,'Cadastro Geral Campistas'!$A:$R,8,0),"")
A131: 38 | B131: =IFERROR(VLOOKUP(A131,'Cadastro Geral Campistas'!$A:$R,2,0),"") | C131: =IFERROR(VLOOKUP(A131,'Cadastro Geral Campistas'!$A:$R,9,0),"") | D131: =IFERROR(VLOOKUP(A131,'Cadastro Geral Campistas'!$A:$R,17,0),"") | F131: =IFERROR(VLOOKUP(A131,'Cadastro Geral Campistas'!$A:$R,8,0),"")
... A154: 140 | B154: =IFERROR(VLOOKUP(A154,'Cadastro Geral Campistas'!$A:$R,2,0),"") | C154: =IFERROR(VLOOKUP(A154,'Cadastro Geral Campistas'!$A:$R,9,0),"") | D154: =IFERROR(VLOOKUP(A154,'Cadastro Geral Campistas'!$A:$R,17,0),"") | F154: =IFERROR(VLOOKUP(A154,'Cadastro Geral Campistas'!$A:$R,8,0),"")

Sheet Lista Praca
A1: LISTA PRAÇA — CHECK-IN | VIII Acampamento Espírito Empreendedor
A2: FC ✏️ | B2: CAMPISTAS | C2: CIDADE | D2: TRIBO | E2: FONE: | F2: CELULAR | G2: CHECK-IN ✅ | H2: TERMO IMG ✅
A3: 1 | B3: =IFERROR(VLOOKUP(A3,'Cadastro Geral Campistas'!$A:$R,2,0),"") | C3: =IFERROR(VLOOKUP(A3,'Cadastro Geral Campistas'!$A:$R,9,0),"") | D3: =IFERROR(VLOOKUP(A3,'Cadastro Geral Campistas'!$A:$R,17,0),"") | F3: =IFERROR(VLOOKUP(A3,'Cadastro Geral Campistas'!$A:$R,8,0),"")
A4: 68 | B4: =IFERROR(VLOOKUP(A4,'Cadastro Geral Campistas'!$A:$R,2,0),"") | C4: =IFERROR(VLOOKUP(A4,'Cadastro Geral Campistas'!$A:$R,9,0),"") | D4: =IFERROR(VLOOKUP(A4,'Cadastro Geral Campistas'!$A:$R,17,0),"") | F4: =IFERROR(VLOOKUP(A4,'Cadastro Geral Campistas'!$A:$R,8,0),"")
A5: 141 | B5: =IFERROR(VLOOKUP(A5,'Cadastro Geral Campistas'!$A:$R,2,0),"") | C5: =IFERROR(VLOOKUP(A5,'Cadastro Geral Campistas'!$A:$R,9,0),"") | D5: =IFERROR(VLOOKUP(A5,'Cadastro Geral Campistas'!$A:$R,17,0),"") | F5: =IFERROR(VLOOKUP(A5,'Cadastro Geral Campistas'!$A:$R,8,0),"")
A6: 2 | B6: =IFERROR(VLOOKUP(A6,'Cadastro Geral Campistas'!$A:$R,2,0),"") | C6: =IFERROR(VLOOKUP(A6,'Cadastro Geral Campistas'!$A:$R,9,0),"") | D6: =IFERROR(VLOOKUP(A6,'Cadastro Geral Campistas'!$A:$R,17,0),"") | F6: =IFERROR(VLOOKUP(A6,'Cadastro Geral Campistas'!$A:$R,8,0),"")
A7: 3 | B7: =IFERROR(VLOOKUP(A7,'Cadastro Geral Campistas'!$A:$R,2,0),"") | C7: =IFERROR(VLOOKUP(A7,'Cadastro Geral Campistas'!$A:$R,9,0),"") | D7: =IFERROR(VLOOKUP(A7,'Cadastro Geral Campistas'!$A:$R,17,0),"") | F7: =IFERROR(VLOOKUP(A7,'Cadastro Geral Campistas'!$A:$R,8,0),"")
A8: 4 | B8: =IFERROR(VLOOKUP(A8,'Cadastro Geral Campistas'!$A:$R,2,0),"") | C8: =IFERROR(VLOOKUP(A8,'Cadastro Geral Campistas'!$A:$R,9,0),"") | D8: =IFERROR(VLOOKUP(A8,'Cadastro Geral Campistas'!$A:$R,17,0),"") | F8: =IFERROR(VLOOKUP(A8,'Cadastro Geral Campistas'!$A:$R,8,0),"")
A9: 5 | B9: =IFERROR(VLOOKUP(A9,'Cadastro Geral Campistas'!$A:$R,2,0),"") | C9: =IFERROR(VLOOKUP(A9,'Cadastro Geral Campistas'!$A:$R,9,0),"") | D9: =IFERROR(VLOOKUP(A9,'Cadastro Geral Campistas'!$A:$R,17,0),"") | F9: =IFERROR(VLOOKUP(A9,'Cadastro Geral Campistas'!$A:$R,8,0),"")
A10: 6 | B10: =IFERROR(VLOOKUP(A10,'Cadastro Geral Campistas'!$A:$R,2,0),"") | C10: =IFERROR(VLOOKUP(A10,'Cadastro Geral Campistas'!$A:$R,9,0),"") | D10: =IFERROR(VLOOKUP(A10,'Cadastro Geral Campistas'!$A:$R,17,0),"") | F10: =IFERROR(VLOOKUP(A10,'Cadastro Geral Campistas'!$A:$R,8,0),"")
A11: 7 | B11: =IFERROR(VLOOKUP(A11,'Cadastro Geral Campistas'!$A:$R,2,0),"") | C11: =IFERROR(VLOOKUP(A11,'Cadastro Geral Campistas'!$A:$R,9,0),"") | D11: =IFERROR(VLOOKUP(A11,'Cadastro Geral Campistas'!$A:$R,17,0),"") | F11: =IFERROR(VLOOKUP(A11,'Cadastro Geral Campistas'!$A:$R,8,0),"")
A12: 8 | B12: =IFERROR(VLOOKUP(A12,'Cadastro Geral Campistas'!$A:$R,2,0),"") | C12: =IFERROR(VLOOKUP(A12,'Cadastro Geral Campistas'!$A:$R,9,0),"") | D12: =IFERROR(VLOOKUP(A12,'Cadastro Geral Campistas'!$A:$R,17,0),"") | F12: =IFERROR(VLOOKUP(A12,'Cadastro Geral Campistas'!$A:$R,8,0),"")
A13: 9 | B13: =IFERROR(VLOOKUP(A13,'Cadastro Geral Campistas'!$A:$R,2,0),"") | C13: =IFERROR(VLOOKUP(A13,'Cadastro Geral Campistas'!$A:$R,9,0),"") | D13: =IFERROR(VLOOKUP(A13,'Cadastro Geral Campistas'!$A:$R,17,0),"") | F13: =IFERROR(VLOOKUP(A13,'Cadastro Geral Campistas'!$A:$R,8,0),"")
A14: 10 | B14: =IFERROR(VLOOKUP(A14,'Cadastro Geral Campistas'!$A:$R,2,0),"") | C14: =IFERROR(VLOOKUP(A14,'Cadastro Geral Campistas'!$A:$R,9,0),"") | D14: =IFERROR(VLOOKUP(A14,'Cadastro Geral Campistas'!$A:$R,17,0),"") | F14: =IFERROR(VLOOKUP(A14,'Cadastro Geral Campistas'!$A:$R,8,0),"")
... A145: 129 | B145: =IFERROR(VLOOKUP(A145,'Cadastro Geral Campistas'!$A:$R,2,0),"") | C145: =IFERROR(VLOOKUP(A145,'Cadastro Geral Campistas'!$A:$R,9,0),"") | D145: =IFERROR(VLOOKUP(A145,'Cadastro Geral Campistas'!$A:$R,17,0),"") | F145: =IFERROR(VLOOKUP(A145,'Cadastro Geral Campistas'!$A:$R,8,0),"")
A146: =CONCATENATE("TOTAL: ",COUNTA(A3:A145)," campistas") | G146: =COUNTA(G3:G145) | H146: =COUNTA(H3:H145)

Sheet CONFLITO CONHECIDOS
A1: CASAIS — ACAMPAMENTO ESPÍRITO EMPREENDEDOR
A2: # | B2: FC ✏️ | C2: NOME | D2: TRIBO | E2: FC CÔNJUGE ✏️ | F2: NOME CÔNJUGE | G2: TRIBO CÔNJUGE
A3: 1 | B3: 3 | C3: =IFERROR(VLOOKUP(B3,'Cadastro Geral Campistas'!$A:$R,2,0),"") | D3: =IFERROR(VLOOKUP(B3,'Cadastro Geral Campistas'!$A:$R,17,0),"") | E3: 100 | F3: =IFERROR(VLOOKUP(E3,'Cadastro Geral Campistas'!$A:$R,2,0),"") | G3: =IFERROR(VLOOKUP(E3,'Cadastro Geral Campistas'!$A:$R,17,0),"")
A4: 2 | B4: 7 | C4: =IFERROR(VLOOKUP(B4,'Cadastro Geral Campistas'!$A:$R,2,0),"") | D4: =IFERROR(VLOOKUP(B4,'Cadastro Geral Campistas'!$A:$R,17,0),"") | E4: 16 | F4: =IFERROR(VLOOKUP(E4,'Cadastro Geral Campistas'!$A:$R,2,0),"") | G4: =IFERROR(VLOOKUP(E4,'Cadastro Geral Campistas'!$A:$R,17,0),"")
A5: 3 | B5: 8 | C5: =IFERROR(VLOOKUP(B5,'Cadastro Geral Campistas'!$A:$R,2,0),"") | D5: =IFERROR(VLOOKUP(B5,'Cadastro Geral Campistas'!$A:$R,17,0),"") | E5: 40 | F5: =IFERROR(VLOOKUP(E5,'Cadastro Geral Campistas'!$A:$R,2,0),"") | G5: =IFERROR(VLOOKUP(E5,'Cadastro Geral Campistas'!$A:$R,17,0),"")
A6: 4 | B6: 12 | C6: =IFERROR(VLOOKUP(B6,'Cadastro Geral Campistas'!$A:$R,2,0),"") | D6: =IFERROR(VLOOKUP(B6,'Cadastro Geral Campistas'!$A:$R,17,0),"") | E6: 92 | F6: =IFERROR(VLOOKUP(E6,'Cadastro Geral Campistas'!$A:$R,2,0),"") | G6: =IFERROR(VLOOKUP(E6,'Cadastro Geral Campistas'!$A:$R,17,0),"")
A7: 5 | B7: 19 | C7: =IFERROR(VLOOKUP(B7,'Cadastro Geral Campistas'!$A:$R,2,0),"") | D7: =IFERROR(VLOOKUP(B7,'Cadastro Geral Campistas'!$A:$R,17,0),"") | E7: 71 | F7: =IFERROR(VLOOKUP(E7,'Cadastro Geral Campistas'!$A:$R,2,0),"") | G7: =IFERROR(VLOOKUP(E7,'Cadastro Geral Campistas'!$A:$R,17,0),"")
A8: 6 | B8: 21 | C8: =IFERROR(VLOOKUP(B8,'Cadastro Geral Campistas'!$A:$R,2,0),"") | D8: =IFERROR(VLOOKUP(B8,'Cadastro Geral Campistas'!$A:$R,17,0),"") | E8: 105 | F8: =IFERROR(VLOOKUP(E8,'Cadastro Geral Campistas'!$A:$R,2,0),"") | G8: =IFERROR(VLOOKUP(E8,'Cadastro Geral Campistas'!$A:$R,17,0),"")
A9: 7 | B9: 26 | C9: =IFERROR(VLOOKUP(B9,'Cadastro Geral Campistas'!$A:$R,2,0),"") | D9: =IFERROR(VLOOKUP(B9,'Cadastro Geral Campistas'!$A:$R,17,0),"") | E9: 82 | F9: =IFERROR(VLOOKUP(E9,'Cadastro Geral Campistas'!$A:$R,2,0),"") | G9: =IFERROR(VLOOKUP(E9,'Cadastro Geral Campistas'!$A:$R,17,0),"")
A10: 8 | B10: 32 | C10: =IFERROR(VLOOKUP(B10,'Cadastro Geral Campistas'!$A:$R,2,0),"") | D10: =IFERROR(VLOOKUP(B10,'Cadastro Geral Campistas'!$A:$R,17,0),"") | E10: 33 | F10: =IFERROR(VLOOKUP(E10,'Cadastro Geral Campistas'!$A:$R,2,0),"") | G10: =IFERROR(VLOOKUP(E10,'Cadastro Geral Campistas'!$A:$R,17,0),"")
A11: 9 | B11: 91 | C11: =IFERROR(VLOOKUP(B11,'Cadastro Geral Campistas'!$A:$R,2,0),"") | D11: =IFERROR(VLOOKUP(B11,'Cadastro Geral Campistas'!$A:$R,17,0),"") | E11: 137 | F11: =IFERROR(VLOOKUP(E11,'Cadastro Geral Campistas'!$A:$R,2,0),"") | G11: =IFERROR(VLOOKUP(E11,'Cadastro Geral Campistas'!$A:$R,17,0),"")
A12: 10 | B12: 93 | C12: =IFERROR(VLOOKUP(B12,'Cadastro Geral Campistas'!$A:$R,2,0),"") | D12: =IFERROR(VLOOKUP(B12,'Cadastro Geral Campistas'!$A:$R,17,0),"") | E12: 119 | F12: =IFERROR(VLOOKUP(E12,'Cadastro Geral Campistas'!$A:$R,2,0),"") | G12: =IFERROR(VLOOKUP(E12,'Cadastro Geral Campistas'!$A:$R,17,0),"")
A14: DEMAIS CAMPISTAS COM CONHECIDOS DECLARADOS
A15: FC ✏️ | B15: NOME | C15: TRIBO | D15: CONHECIDOS DECLARADOS
A16: 1 | B16: =IFERROR(VLOOKUP(A16,'Cadastro Geral Campistas'!$A:$R,2,0),"") | C16: =IFERROR(VLOOKUP(A16,'Cadastro Geral Campistas'!$A:$R,17,0),"") | D16: =IFERROR(VLOOKUP(A16,'Cadastro Geral Campistas'!$A:$R,10,0),"")
A17: 4 | B17: =IFERROR(VLOOKUP(A17,'Cadastro Geral Campistas'!$A:$R,2,0),"") | C17: =IFERROR(VLOOKUP(A17,'Cadastro Geral Campistas'!$A:$R,17,0),"") | D17: =IFERROR(VLOOKUP(A17,'Cadastro Geral Campistas'!$A:$R,10,0),"")
A18: 5 | B18: =IFERROR(VLOOKUP(A18,'Cadastro Geral Campistas'!$A:$R,2,0),"") | C18: =IFERROR(VLOOKUP(A18,'Cadastro Geral Campistas'!$A:$R,17,0),"") | D18: =IFERROR(VLOOKUP(A18,'Cadastro Geral Campistas'!$A:$R,10,0),"")
A19: 9 | B19: =IFERROR(VLOOKUP(A19,'Cadastro Geral Campistas'!$A:$R,2,0),"") | C19: =IFERROR(VLOOKUP(A19,'Cadastro Geral Campistas'!$A:$R,17,0),"") | D19: =IFERROR(VLOOKUP(A19,'Cadastro Geral Campistas'!$A:$R,10,0),"")
A20: 10 | B20: =IFERROR(VLOOKUP(A20,'Cadastro Geral Campistas'!$A:$R,2,0),"") | C20: =IFERROR(VLOOKUP(A20,'Cadastro Geral Campistas'!$A:$R,17,0),"") | D20: =IFERROR(VLOOKUP(A20,'Cadastro Geral Campistas'!$A:$R,10,0),"")
A21: 13 | B21: =IFERROR(VLOOKUP(A21,'Cadastro Geral Campistas'!$A:$R,2,0),"") | C21: =IFERROR(VLOOKUP(A21,'Cadastro Geral Campistas'!$A:$R,17,0),"") | D21: =IFERROR(VLOOKUP(A21,'Cadastro Geral Campistas'!$A:$R,10,0),"")
A22: 14 | B22: =IFERROR(VLOOKUP(A22,'Cadastro Geral Campistas'!$A:$R,2,0),"") | C22: =IFERROR(VLOOKUP(A22,'Cadastro Geral Campistas'!$A:$R,17,0),"") | D22: =IFERROR(VLOOKUP(A22,'Cadastro Geral Campistas'!$A:$R,10,0),"")
A23: 15 | B23: =IFERROR(VLOOKUP(A23,'Cadastro Geral Campistas'!$A:$R,2,0),"") | C23: =IFERROR(VLOOKUP(A23,'Cadastro Geral Campistas'!$A:$R,17,0),"") | D23: =IFERROR(VLOOKUP(A23,'Cadastro Geral Campistas'!$A:$R,10,0),"")
A24: 22 | B24: =IFERROR(VLOOKUP(A24,'Cadastro Geral Campistas'!$A:$R,2,0),"") | C24: =IFERROR(VLOOKUP(A24,'Cadastro Geral Campistas'!$A:$R,17,0),"") | D24: =IFERROR(VLOOKUP(A24,'Cadastro Geral Campistas'!$A:$R,10,0),"")
A25: 23 | B25: =IFERROR(VLOOKUP(A25,'Cadastro Geral Campistas'!$A:$R,2,0),"") | C25: =IFERROR(VLOOKUP(A25,'Cadastro Geral Campistas'!$A:$R,17,0),"") | D25: =IFERROR(VLOOKUP(A25,'Cadastro Geral Campistas'!$A:$R,10,0),"")
A26: 27 | B26: =IFERROR(VLOOKUP(A26,'Cadastro Geral Campistas'!$A:$R,2,0),"") | C26: =IFERROR(VLOOKUP(A26,'Cadastro Geral Campistas'!$A:$R,17,0),"") | D26: =IFERROR(VLOOKUP(A26,'Cadastro Geral Campistas'!$A:$R,10,0),"")
A27: 31 | B27: =IFERROR(VLOOKUP(A27,'Cadastro Geral Campistas'!$A:$R,2,0),"") | C27: =IFERROR(VLOOKUP(A27,'Cadastro Geral Campistas'!$A:$R,17,0),"") | D27: =IFERROR(VLOOKUP(A27,'Cadastro Geral Campistas'!$A:$R,10,0),"")
... A65: 143 | B65: =IFERROR(VLOOKUP(A65,'Cadastro Geral Campistas'!$A:$R,2,0),"") | C65: =IFERROR(VLOOKUP(A65,'Cadastro Geral Campistas'!$A:$R,17,0),"") | D65: =IFERROR(VLOOKUP(A65,'Cadastro Geral Campistas'!$A:$R,10,0),"")
